,_allow_,MD_VB_DT,CD_IN,SubTrees,IN_CD,_meeting_,CD_NNS,_shall_allow_,Modal,_record_,_preferred_,Adverb,MD_VB_IN,VBP_VBN,JJ_JJ_NNS,_new_,DT_NN_TO,_game_,_substitutionary_,Length,NNS_MD,_defensive_,JJ_TO_VB,_conference_,_use_,_functionality_,VBG_CC,_cohort_,VB_DT_JJ,VB_IN,_access_,_interface_,VBN_TO_DT,CC_JJ,NN_NN_NN,_product_,VB_JJ,VB_NNS,_player_,_student_,NN_IN_CD,IN_CD_NNS,JJR_IN_CD,VB_IN_DT,_property_,Noun,NNS_MD_VB,TO_DT_NN,_including_,Verb,_sequence_,Adjective,_limited_,_authorized_,NN_TO,VB_JJ_IN,MD_RB_VB,Words,_100_,VBD_DT_NN,VBN_IN_CD,VBG_NN,VB_RB,JJ_MD,VBG_CC_RB,_hit_,CD_IN_DT,CC_NNS_TO,NN_TO_VB,_audit_report_,VB_DT_NN,_repair_facility_,NN_IN_NNS,DT_NNS_VBG,NN_VBD_DT,_list_,_preferred_repair_,_position_,NNS_TO,VB_DT,_add_,_search_,VBD_DT,_sinking_,_audit_report_shall_,_affecting_,_maximum_,DT_NN_CC,_product_shall_allow_,VB_VBN_IN,NNS_TO_VB,_product_shall_record_,WDT_VBZ,_original_,NN_NNS_CC,_lab_section_,TreeHeight,PRP_CC_PRP,_e_,NNS_RB_IN,RequirementText,ProjectID,Class,IsQuality,OnlyFunctional
0,0,1,0,3,0,0,0,0,0.023809524,0,0,0.023809524,0,0,0,0,0,0,0,292,0,0,0,0,0,0,0,0,1,0,0,0,0,1,0,0,0,0,0,0,0,0,0,0,0,0.142857143,0,0,0,0.047619048,0,0.095238095,0,0,0,0,0,42,0,0,0,0,0,0,0,0,0,0,0,0,0,0,0,0,0,0,0,0,0,1,0,0,0,0,0,0,0,0,0,0,0,0,0,0,0,0,11,0,0,0,,1,F,0,0
1,0,0,0,3,0,0,0,0,0.071428571,0,0,0,0,0,0,0,0,0,0,99,0,0,0,0,0,0,0,0,0,0,0,0,0,1,0,0,1,0,0,0,0,0,0,0,0,0.071428571,0,0,0,0.071428571,0,0.285714286,0,0,0,0,0,14,0,0,0,0,0,0,0,0,0,0,0,0,0,0,0,0,0,0,0,0,0,0,0,0,0,0,0,0,0,0,0,0,0,0,0,0,0,0,7,0,0,0,,1,F,0,0
2,0,0,0,2,1,0,0,0,0.071428571,0,0,0,0,0,0,0,0,0,0,106,0,0,0,0,0,0,0,0,0,0,0,0,0,0,0,0,1,0,0,0,1,0,0,0,0,0.214285714,0,0,0,0.071428571,0,0.142857143,0,0,0,0,0,14,0,0,0,0,0,0,0,0,0,0,0,0,0,0,0,0,0,0,0,0,0,0,0,0,0,0,0,0,0,0,0,0,0,0,0,0,1,0,7,0,0,0,,1,F,0,0
3,0,0,0,2,0,0,0,0,0.052631579,0,0,0.052631579,0,0,0,0,0,0,0,115,1,0,0,0,0,0,0,0,0,1,0,0,0,0,0,0,1,0,0,0,0,0,0,1,0,0.052631579,1,0,0,0.105263158,0,0.210526316,0,0,0,0,0,19,0,0,0,0,0,0,0,0,0,0,0,0,0,0,0,0,0,0,0,1,0,0,0,0,0,0,0,0,0,0,0,0,0,0,0,0,0,0,10,0,0,0,,1,F,0,0
4,0,1,0,4,0,0,0,0,0.083333333,0,0,0,1,0,0,0,0,0,0,147,0,0,0,0,0,0,0,0,1,1,0,0,0,0,0,0,0,0,0,0,0,0,0,0,0,0.041666667,0,0,0,0.041666667,0,0.125,0,0,0,0,0,24,0,0,0,0,0,0,0,0,0,0,0,0,0,0,0,0,0,0,0,0,0,1,0,0,0,0,0,0,0,0,0,0,0,0,0,0,0,0,13,0,0,0,,1,F,0,0
5,0,0,0,2,1,0,0,0,0.052631579,0,0,0.052631579,0,0,0,0,0,0,0,110,0,0,0,0,0,0,0,0,0,0,0,0,0,0,1,0,0,0,0,0,1,0,0,0,0,0.368421053,0,1,0,0.105263158,0,0,0,0,0,0,1,19,0,0,0,0,0,0,0,0,0,0,0,0,0,0,0,0,0,0,0,0,0,0,0,0,0,0,0,0,0,1,0,0,0,0,0,0,0,0,8,0,0,0,,1,F,0,0
6,0,0,0,2,1,0,0,0,0.05,0,0,0.15,0,0,0,0,0,0,0,114,0,0,0,0,0,0,0,0,0,0,0,0,0,0,0,0,0,0,0,0,1,0,0,0,0,0.1,0,0,0,0.1,0,0.1,0,0,0,0,1,20,0,0,0,0,0,0,0,0,0,0,0,0,0,0,0,0,0,0,0,0,0,0,0,0,0,0,0,0,0,0,0,0,0,0,0,0,0,0,8,0,0,0,,1,F,0,0
7,0,0,0,3,1,0,0,0,0.071428571,0,0,0.035714286,0,0,0,0,0,0,0,180,0,0,0,0,0,0,0,0,0,0,0,0,1,1,0,0,0,1,0,0,0,0,0,0,0,0.142857143,0,1,0,0.071428571,0,0.107142857,0,0,0,0,1,28,0,0,0,0,0,0,0,0,0,0,0,0,0,0,0,0,0,0,0,0,0,0,0,0,0,0,0,0,0,0,0,1,0,0,0,0,0,0,12,0,0,0,,1,F,0,0
8,0,0,0,2,1,0,0,0,0.066666667,0,0,0.133333333,0,0,0,0,0,0,0,104,0,0,0,0,0,0,0,0,0,0,0,0,0,0,0,0,0,0,0,0,1,0,0,0,0,0.266666667,0,0,0,0.066666667,0,0.066666667,0,0,1,0,1,15,0,0,0,0,0,0,0,0,0,0,0,0,0,0,0,0,0,0,0,0,0,0,0,0,0,0,0,0,0,0,0,0,0,0,0,0,0,0,8,0,0,0,,1,F,0,0
9,0,0,0,2,0,0,0,0,0.03030303,0,0,0.03030303,0,0,0,0,0,0,0,197,0,0,0,0,0,0,0,0,0,0,0,0,0,1,0,0,0,0,0,0,0,0,0,0,0,0.333333333,0,0,0,0.03030303,0,0.151515152,0,0,0,0,1,33,0,0,0,0,0,0,0,0,0,0,0,0,1,0,0,0,0,0,0,0,0,1,0,0,0,0,0,0,0,1,0,0,0,0,0,0,0,0,12,0,0,0,,1,F,0,0
10,0,0,0,2,0,0,0,0,0.088235294,0,0,0.029411765,1,0,0,0,0,0,0,211,0,0,0,0,0,0,0,0,0,1,0,0,0,1,0,0,1,0,0,0,0,0,0,1,0,0.058823529,0,0,0,0.088235294,0,0.058823529,0,0,0,0,1,34,0,0,0,0,0,0,0,0,0,0,0,0,0,0,0,0,0,0,0,0,0,0,0,0,0,0,0,0,0,0,0,1,0,0,0,0,0,0,13,0,0,0,,1,F,0,0
11,0,1,0,2,0,0,0,0,0.037037037,0,0,0,0,0,0,0,0,0,0,174,0,0,0,0,0,0,0,0,1,0,0,0,0,0,0,0,0,0,0,0,0,0,0,0,0,0.111111111,0,0,0,0.037037037,0,0.148148148,0,0,0,0,0,27,0,0,0,0,0,0,0,0,0,0,0,0,0,0,1,0,0,0,0,0,1,1,0,0,0,0,0,0,0,0,0,0,1,0,0,0,0,0,17,0,1,0,,1,F,0,0
12,0,1,0,9,0,0,0,0,0.078947368,0,0,0.026315789,0,0,0,0,0,0,0,256,0,0,0,0,0,0,0,0,0,0,0,0,0,0,0,0,0,0,0,0,0,0,0,0,0,0.026315789,0,0,0,0.026315789,0,0.078947368,0,0,1,0,0,38,0,0,0,0,0,0,0,0,0,0,0,0,1,0,0,0,0,0,0,0,0,1,0,0,0,0,0,0,0,0,0,1,0,0,0,0,0,0,12,0,0,0,,1,F,0,0
13,1,1,0,2,0,0,0,1,0.047619048,0,0,0.095238095,0,0,0,0,0,0,0,117,0,0,0,0,1,0,0,0,0,0,0,0,0,0,0,0,0,0,0,0,0,0,0,0,0,0.285714286,0,0,0,0.047619048,0,0.095238095,0,0,0,0,0,21,0,0,0,0,0,0,0,0,0,0,0,0,1,0,0,0,0,0,0,0,0,1,0,0,0,0,0,0,0,0,0,0,0,0,0,0,0,0,9,0,0,0,,1,F,0,0
14,1,0,0,4,0,0,0,1,0.047619048,0,0,0.095238095,0,0,0,0,0,0,0,129,0,0,0,0,1,0,0,0,0,0,0,0,0,1,0,0,0,0,0,0,0,0,0,0,0,0.285714286,0,0,0,0.047619048,0,0.095238095,0,0,0,0,0,21,0,0,0,0,0,0,0,0,0,0,0,0,0,0,0,0,0,0,0,0,0,0,0,0,0,0,0,0,0,0,0,0,0,0,0,0,0,0,9,0,0,0,,1,F,0,0
15,0,1,0,4,0,0,0,0,0.038461538,0,0,0.038461538,0,0,0,0,0,0,0,168,0,0,0,0,0,0,0,0,1,0,0,0,0,0,0,0,0,0,0,0,0,0,0,0,0,0.153846154,0,0,0,0.076923077,0,0.038461538,0,0,0,0,0,26,0,0,0,0,0,0,0,0,0,0,0,0,0,0,1,0,0,0,0,0,0,1,0,0,0,0,0,0,0,0,0,0,0,0,0,0,0,0,12,0,0,0,,1,F,0,0
16,0,0,0,2,0,0,0,0,0.090909091,0,0,0.090909091,0,0,0,0,0,0,0,71,1,0,0,0,0,0,0,0,0,0,0,0,0,0,0,0,0,0,0,0,0,0,0,0,0,0.090909091,1,0,0,0.090909091,0,0.090909091,0,0,0,0,0,11,0,0,0,0,1,0,0,0,0,0,0,0,0,0,0,0,0,0,0,0,0,0,0,0,0,0,0,0,0,0,0,0,0,0,0,0,0,0,6,0,0,0,,1,F,0,0
17,0,0,0,2,0,0,0,0,0.043478261,0,0,0,0,0,1,0,0,0,0,143,1,0,0,0,0,0,0,0,0,0,0,0,0,0,0,0,0,0,0,0,0,0,0,0,0,0.086956522,1,1,0,0.043478261,0,0.130434783,0,0,1,0,0,23,0,0,0,0,0,0,0,0,0,0,0,0,0,0,0,0,0,0,0,0,0,0,0,0,0,0,0,0,0,0,0,1,0,0,0,0,0,0,17,0,0,0,,1,F,0,0
18,0,0,0,2,0,0,0,0,0.0625,0,0,0,0,0,0,0,1,0,0,102,0,0,0,0,0,0,0,0,0,0,0,0,0,1,1,0,1,0,0,0,0,0,0,0,0,0.0625,0,0,0,0.125,0,0.1875,0,0,1,1,0,16,0,0,0,0,0,0,0,0,0,0,1,0,0,0,0,0,0,0,0,0,0,0,0,0,0,0,0,0,0,0,0,0,0,0,0,0,0,0,10,0,0,0,,1,F,0,1
19,0,0,0,2,0,0,0,0,0.060606061,0,0,0,0,0,0,0,0,0,0,190,0,0,0,0,0,0,0,0,0,0,0,0,0,1,0,0,1,0,0,0,0,0,0,0,0,0.03030303,0,0,0,0.03030303,0,0.212121212,0,0,0,0,0,33,0,0,0,0,0,0,0,0,0,0,0,0,0,0,0,0,0,0,0,0,0,0,0,0,0,0,0,0,0,0,0,0,0,0,0,0,0,0,16,0,0,0,,1,F,0,0
20,0,0,0,2,0,0,0,0,0.05,0,0,0,0,0,0,0,0,0,0,125,0,0,0,0,0,0,0,0,0,0,0,0,0,1,0,0,1,0,0,0,0,0,0,0,0,0.1,0,0,0,0.05,0,0.2,0,0,0,1,0,20,0,0,0,0,0,0,0,0,0,0,0,0,0,0,0,0,0,0,0,0,0,0,0,0,0,0,0,0,0,0,0,0,0,0,0,0,0,0,7,0,0,0,,1,F,0,1
21,0,0,0,2,0,0,0,0,0,0,0,0,0,0,0,0,0,0,0,88,0,0,0,0,0,0,0,0,0,0,0,0,0,1,0,0,0,0,0,0,0,0,0,0,0,0.076923077,0,0,0,0.076923077,0,0.153846154,0,0,0,0,0,13,0,0,0,0,0,0,0,0,0,0,0,0,0,0,0,0,0,0,0,0,0,0,0,0,0,0,0,0,0,0,0,1,0,0,0,0,0,0,10,0,0,0,,1,F,0,0
22,0,0,0,2,0,0,0,0,0.083333333,0,0,0.083333333,0,0,0,0,0,0,0,91,0,0,0,0,0,0,0,0,0,0,0,0,0,0,0,0,0,1,0,0,0,0,0,0,0,0.25,0,0,0,0.166666667,0,0.083333333,0,0,0,0,0,12,0,0,0,0,1,0,0,0,0,0,0,0,0,0,0,0,0,0,0,0,1,0,0,0,0,0,0,0,0,0,0,0,1,0,0,0,0,0,12,0,0,0,,1,F,0,0
23,0,1,0,3,0,0,0,0,0.045454545,0,0,0.045454545,0,0,0,0,0,0,0,138,0,0,0,0,0,0,0,0,0,0,0,0,0,0,0,0,0,0,0,0,0,0,0,0,0,0.045454545,0,0,0,0.045454545,0,0.090909091,0,0,0,0,0,22,0,0,0,0,0,0,0,0,0,0,0,0,1,0,0,0,0,0,0,0,0,1,0,0,0,0,0,0,0,0,0,0,0,0,0,0,0,0,12,0,0,0,,1,F,0,0
24,0,0,0,3,0,0,0,0,0.020833333,0,0,0,0,0,0,0,0,0,0,312,0,0,0,0,0,0,0,0,0,0,0,0,0,1,1,0,1,0,0,0,0,0,0,0,0,0.0625,0,0,1,0.041666667,0,0.104166667,0,0,0,1,0,48,0,0,0,1,0,0,0,0,0,0,0,0,0,0,0,0,0,0,0,0,0,0,0,0,0,0,0,0,0,0,0,0,0,0,0,0,0,0,11,0,1,0,,1,F,0,0
25,0,0,0,5,0,0,0,0,0.029411765,0,0,0.029411765,0,0,0,0,0,0,0,196,0,0,0,0,0,0,0,0,0,0,0,0,0,0,0,0,0,0,0,0,0,0,0,0,0,0.235294118,0,1,0,0.029411765,0,0.058823529,0,0,1,0,0,34,0,0,0,0,0,0,0,0,0,0,0,0,1,0,0,0,0,0,0,0,0,1,0,0,0,0,0,0,0,0,0,0,0,0,0,0,0,0,15,0,0,0,,1,F,0,0
26,0,0,0,3,0,0,0,0,0.05,0,0,0.05,0,0,0,0,0,0,0,145,1,0,0,0,0,0,0,0,0,0,0,0,0,0,0,0,0,0,0,0,0,0,0,0,0,0.1,1,0,0,0.1,0,0.05,0,0,0,0,0,20,0,0,0,0,0,0,0,0,0,0,0,0,0,0,0,0,0,0,0,0,0,0,0,0,0,0,0,0,0,0,0,0,0,0,0,0,1,0,7,0,0,0,,1,F,0,0
27,0,0,0,3,0,0,0,0,0.045454545,0,0,0,0,0,0,0,1,0,0,135,0,0,0,0,0,0,0,0,0,0,0,0,0,0,0,0,0,0,0,0,0,0,0,0,0,0.181818182,0,0,0,0.045454545,0,0.136363636,1,0,1,0,0,22,0,0,0,0,0,0,0,0,0,0,0,0,1,0,0,0,0,0,0,0,0,1,0,0,0,0,0,0,0,0,0,0,0,0,0,0,0,0,15,0,0,0,,1,F,0,0
28,0,1,0,3,0,0,0,0,0.051282051,0,0,0,0,0,0,0,0,0,0,249,0,0,0,0,0,0,0,0,0,0,0,0,0,0,1,0,0,0,0,0,0,0,0,0,0,0.256410256,0,0,0,0.076923077,0,0.025641026,0,0,1,0,0,39,0,0,0,0,0,0,0,0,0,0,1,0,1,0,0,0,0,1,0,0,0,1,0,0,0,0,0,0,0,0,0,1,0,0,0,0,0,0,12,0,0,0,,1,F,0,0
29,0,0,0,3,0,0,0,0,0.1,0,0,0,0,0,0,0,0,0,0,66,0,0,0,0,0,0,0,0,0,0,0,0,0,1,0,0,1,0,0,0,0,0,0,0,0,0.2,0,0,0,0.1,0,0.3,0,0,0,0,0,10,0,0,0,0,0,0,0,0,0,0,0,0,0,0,0,0,0,0,0,0,0,0,0,0,0,0,0,0,0,0,0,0,0,0,0,0,0,0,7,0,0,0,,1,F,0,0
30,0,0,0,3,0,0,0,0,0.023809524,0,0,0.023809524,0,0,0,0,0,0,0,240,0,0,0,0,0,0,0,0,0,0,0,0,0,0,0,0,0,0,0,0,0,0,0,0,0,0.023809524,0,0,0,0.023809524,0,0.071428571,0,0,0,0,0,42,0,0,0,0,0,0,0,0,0,0,0,0,0,0,0,0,0,0,0,0,0,0,0,0,0,0,0,0,0,0,0,1,0,0,0,0,0,0,20,0,0,0,,1,F,0,0
31,0,0,0,7,0,0,0,0,0.042553191,0,0,0.021276596,0,0,0,0,0,0,0,307,1,0,0,0,0,0,0,0,0,1,0,0,0,1,0,0,0,0,0,0,0,0,0,1,0,0.042553191,1,0,1,0.042553191,0,0.127659574,0,0,0,0,1,47,0,0,0,0,0,0,0,0,0,0,0,0,0,0,0,0,0,0,0,0,0,0,0,0,0,0,0,0,0,0,0,1,0,0,0,0,0,0,12,0,0,0,,1,F,0,0
32,0,1,0,3,0,0,0,0,0.071428571,0,0,0,0,0,1,0,0,0,0,112,0,0,0,0,0,0,0,0,1,0,0,0,0,1,0,0,0,0,0,0,0,0,0,0,0,0.071428571,0,0,0,0.071428571,0,0.357142857,0,1,0,0,0,14,0,0,0,0,0,0,0,0,0,0,0,0,0,0,0,0,0,0,0,0,0,1,0,0,0,0,0,0,0,0,0,0,0,0,0,0,0,0,7,0,0,0,,1,F,0,0
33,0,1,0,3,0,0,0,0,0.111111111,0,0,0,0,0,0,0,0,0,0,52,0,0,0,0,0,0,0,0,1,0,0,0,0,0,0,0,0,0,0,0,0,0,0,0,0,0.111111111,0,0,0,0.111111111,0,0.222222222,0,0,0,0,0,9,0,0,0,0,0,0,0,0,0,0,0,0,0,0,0,0,0,0,0,0,0,1,0,0,0,0,0,0,0,0,0,0,0,0,0,0,0,0,6,0,0,0,,1,F,0,0
34,0,0,0,3,0,0,0,0,0.035714286,0,0,0,0,0,0,0,0,0,0,179,0,0,0,0,0,0,0,0,0,0,0,0,0,0,0,0,0,0,0,0,0,0,0,0,0,0.071428571,0,0,0,0.035714286,0,0.035714286,0,0,0,0,0,28,0,0,0,0,0,0,0,0,0,0,0,0,0,0,1,0,0,0,0,0,0,0,0,0,0,0,0,0,0,0,0,1,0,0,0,0,0,0,12,0,0,0,,1,F,0,0
35,0,0,0,3,0,0,0,0,0.066666667,0,0,0.066666667,0,0,0,0,0,0,0,109,0,0,0,0,0,0,0,0,0,0,0,0,0,0,0,0,0,1,0,0,0,0,0,0,0,0.2,0,0,0,0.066666667,0,0,0,0,0,0,0,15,0,0,0,0,0,0,0,0,0,0,0,0,0,0,0,0,0,0,0,0,0,0,0,0,0,0,0,0,0,0,0,0,0,0,0,0,0,0,13,0,0,0,,1,F,0,0
36,0,0,0,3,0,0,0,0,0.038461538,0,0,0,0,0,0,0,0,0,0,157,0,0,0,0,0,0,0,0,0,0,0,0,0,0,0,0,0,0,0,0,0,0,0,0,0,0.192307692,0,0,0,0.038461538,0,0.038461538,0,0,0,0,0,26,0,0,0,0,0,0,0,0,0,0,0,0,0,0,0,0,0,0,0,0,0,0,0,0,0,0,0,0,0,0,0,1,0,0,0,0,0,0,11,0,0,0,,1,F,0,0
37,0,0,0,3,0,0,0,0,0.05,0,0,0,0,0,0,0,0,0,0,137,0,0,0,0,0,0,0,0,0,0,0,0,0,0,1,0,0,0,0,0,0,0,0,0,0,0.05,0,1,0,0.05,0,0.05,0,0,1,0,0,20,0,0,0,0,0,0,0,0,0,0,0,0,0,0,0,0,0,0,0,0,0,0,0,0,0,0,0,0,0,0,0,1,0,0,0,0,0,0,8,0,0,0,,1,F,0,0
38,0,0,0,3,0,0,0,0,0.034482759,0,0,0,0,0,0,0,0,0,0,205,1,0,1,0,0,0,0,0,0,0,0,0,0,0,0,0,1,0,0,0,0,0,0,0,0,0.172413793,1,0,0,0.034482759,0,0.068965517,0,0,0,0,0,29,0,0,0,0,0,0,0,0,0,0,0,0,0,0,0,0,0,0,0,0,0,0,0,0,0,0,0,0,0,0,0,0,0,0,0,0,0,0,13,0,0,0,,1,F,0,0
39,0,0,0,5,0,0,0,0,0.026315789,0,0,0.026315789,0,1,0,0,0,0,0,241,0,0,0,0,0,0,0,0,1,0,0,0,0,0,0,0,0,0,0,0,0,0,0,0,0,0.236842105,0,0,0,0.105263158,0,0.052631579,0,0,0,0,0,38,0,0,0,0,0,0,0,0,0,0,0,0,1,0,0,0,0,0,0,0,0,1,0,0,0,0,0,0,0,0,0,0,0,0,0,0,1,0,17,0,1,0,,1,F,0,0
40,0,0,0,3,0,0,0,0,0.1,0,0,0.1,0,0,0,0,0,0,0,59,1,0,0,0,0,0,0,0,0,0,0,0,0,0,0,0,0,0,0,0,0,0,0,0,0,0.1,0,0,0,0.1,0,0.1,0,0,0,0,1,10,0,0,0,0,0,0,0,0,0,0,0,0,0,0,0,0,0,0,0,0,0,1,0,0,0,0,0,0,0,0,0,0,0,0,0,0,0,0,11,0,0,0,,1,F,0,0
41,0,0,0,3,0,0,0,0,0.142857143,0,0,0,1,0,0,0,0,0,0,95,1,0,0,0,0,0,0,0,0,1,0,0,0,0,0,0,1,0,0,0,0,0,0,0,0,0.214285714,1,0,0,0.142857143,0,0.142857143,0,0,0,0,0,14,0,0,0,0,0,0,0,0,0,0,0,0,0,0,0,0,0,0,0,0,0,0,0,0,0,0,0,0,0,0,0,0,0,0,0,0,1,0,8,0,0,0,,1,F,0,0
42,0,0,0,3,0,0,0,0,0.090909091,0,0,0,0,0,0,0,0,0,0,78,1,0,0,0,0,0,0,0,0,0,0,0,0,1,0,0,0,0,0,0,0,0,0,0,0,0.181818182,1,0,0,0.090909091,0,0.090909091,0,0,0,0,0,11,0,0,0,0,0,0,0,0,0,0,0,0,0,0,0,0,0,0,0,0,0,0,0,0,0,0,0,0,0,0,0,1,0,0,0,0,0,0,8,0,0,0,,1,F,0,1
43,0,0,0,3,0,0,0,0,0.035714286,0,0,0.035714286,0,0,0,0,0,0,0,186,0,0,0,0,0,0,0,0,0,0,0,0,0,0,0,0,1,0,0,0,0,0,0,0,0,0.035714286,0,1,0,0.035714286,0,0.071428571,0,0,0,0,0,28,0,0,0,0,0,0,0,0,0,0,0,0,0,0,0,0,0,0,0,0,0,0,0,0,0,0,0,0,0,0,0,0,0,0,0,0,0,0,9,0,0,0,,1,F,0,0
44,0,0,0,3,0,0,1,0,0.05,0,0,0,0,0,0,0,0,0,0,125,0,0,0,0,0,0,0,0,0,0,0,0,0,0,0,0,1,0,0,0,0,0,0,0,0,0.15,0,0,0,0.05,0,0.05,0,0,0,1,0,20,0,0,0,0,0,0,0,0,0,0,0,0,0,0,0,1,0,0,0,0,1,1,0,0,0,0,0,0,0,0,0,0,1,0,0,0,0,0,11,0,0,0,,1,F,0,0
45,0,0,0,3,0,0,0,0,0.04,0,0,0,1,0,0,0,0,0,0,160,0,0,0,0,0,0,0,0,0,1,0,0,0,0,0,0,0,0,0,0,0,0,0,0,0,0.04,0,0,0,0.04,0,0.04,0,0,0,0,0,25,0,0,0,0,0,0,0,0,0,0,0,0,0,0,0,0,0,0,0,0,0,0,0,0,0,0,0,0,0,0,0,0,0,0,0,0,0,0,15,0,0,0,,1,F,0,0
46,0,0,1,3,1,0,0,0,0.038461538,0,0,0,0,0,0,0,0,0,0,162,1,0,0,0,0,0,0,0,0,0,0,0,0,0,0,0,0,0,0,0,0,0,1,0,0,0.076923077,1,0,0,0.038461538,0,0.076923077,0,0,0,0,0,26,0,0,0,0,0,0,0,0,1,0,0,0,1,0,0,0,0,0,0,0,0,1,0,0,0,0,0,0,0,0,0,0,0,0,0,0,0,0,15,0,0,0,,1,F,0,0
47,0,1,0,3,0,0,0,0,0.047619048,0,0,0,0,0,0,0,0,0,0,139,0,0,0,0,0,0,0,0,0,0,0,0,0,0,0,0,0,0,0,0,0,0,0,0,0,0.047619048,0,0,0,0.095238095,0,0,0,0,0,0,0,21,0,0,0,0,0,0,0,0,0,0,0,0,1,0,0,0,0,0,0,0,0,1,0,0,0,0,0,0,0,0,0,0,0,0,0,0,1,0,12,0,0,0,,1,F,0,0
48,0,0,0,3,0,0,0,0,0.035714286,0,0,0.035714286,0,0,0,0,0,0,0,166,0,0,0,0,0,0,0,0,0,0,0,0,0,0,0,0,0,0,0,0,0,0,0,0,0,0.25,0,0,0,0.035714286,0,0.035714286,0,0,0,0,0,28,0,0,0,0,0,0,0,0,0,0,0,0,0,0,0,0,0,0,0,0,0,0,0,0,0,0,0,1,0,0,0,0,0,0,0,0,0,0,11,0,0,0,,1,F,0,0
49,0,0,0,3,0,0,0,0,0.076923077,0,0,0.076923077,0,0,0,0,0,0,0,81,1,0,0,0,0,0,0,0,0,0,0,0,0,0,0,0,0,0,0,0,0,0,0,0,0,0.153846154,0,0,0,0.076923077,0,0.153846154,0,0,0,0,1,13,0,0,0,0,0,0,0,0,0,0,0,0,0,0,0,0,0,0,0,0,0,0,0,0,0,0,0,0,0,0,0,0,0,0,0,0,0,0,9,0,0,0,,1,F,0,0
50,0,0,0,3,0,0,0,0,0.111111111,0,0,0.111111111,0,0,0,0,0,0,0,60,0,0,0,0,0,0,0,0,0,1,0,0,0,0,0,0,0,0,0,0,0,0,0,0,0,0.111111111,0,0,0,0.111111111,0,0,0,0,0,0,1,9,0,0,0,0,0,0,0,0,0,0,0,0,0,0,0,0,0,0,0,0,0,0,0,0,0,0,0,0,0,0,0,0,0,0,0,0,0,0,7,0,0,0,,1,F,0,0
51,0,0,0,4,0,0,0,0,0.090909091,0,0,0,0,0,0,0,0,0,0,68,1,0,0,0,0,0,0,0,0,0,0,0,0,0,0,0,0,0,0,0,0,0,0,0,0,0.090909091,1,0,0,0.090909091,0,0.090909091,0,0,0,0,0,11,0,0,0,0,0,0,0,0,0,0,0,0,0,0,0,0,0,0,0,0,0,0,0,0,0,0,0,0,0,0,0,0,0,0,0,0,0,0,7,0,0,0,,1,F,0,0
52,0,1,0,3,0,0,0,0,0.038461538,0,0,0,0,0,0,0,0,0,0,163,0,0,0,0,0,0,0,0,0,0,0,0,0,0,1,0,0,0,0,0,0,0,0,0,0,0.038461538,0,0,0,0.038461538,0,0.038461538,0,0,0,0,0,26,0,0,0,1,0,0,0,0,0,0,0,0,0,0,0,0,0,0,0,0,0,1,0,0,0,0,0,0,0,0,0,0,0,0,0,0,1,0,12,0,0,0,,1,F,0,0
53,0,0,0,3,0,0,0,0,0.041666667,0,0,0,0,0,0,0,0,0,0,139,0,0,1,0,0,0,0,0,0,0,0,0,0,0,0,0,1,0,0,0,0,0,0,0,0,0.166666667,0,0,0,0.166666667,0,0.125,0,0,1,0,0,24,0,0,0,0,0,0,0,0,0,0,1,0,1,0,0,0,0,0,0,0,0,1,0,0,0,0,0,0,0,1,0,0,0,0,0,0,0,0,13,0,0,0,,1,F,0,0
54,1,0,0,4,0,0,0,0,0.04109589,0,0,0.04109589,0,0,0,0,0,0,0,431,0,0,0,0,0,0,0,0,0,0,0,0,0,1,0,0,1,0,0,0,0,0,0,0,0,0.04109589,0,0,0,0.04109589,0,0.068493151,0,0,0,1,1,73,0,0,0,0,1,0,0,0,0,0,0,0,0,0,0,0,0,0,0,0,0,0,0,0,0,0,0,0,0,0,0,0,0,0,0,0,0,0,19,0,0,0,,1,F,0,0
55,0,0,0,4,0,0,0,0,0.083333333,0,0,0.041666667,0,0,0,0,0,0,0,128,0,0,1,0,0,0,0,0,0,0,0,0,0,0,1,0,1,0,0,0,0,0,0,0,0,0.25,0,0,0,0.125,0,0.083333333,0,0,0,1,1,24,0,0,0,0,0,0,0,0,0,0,0,0,0,0,0,0,0,0,0,0,0,1,0,0,0,0,0,0,0,0,0,0,0,0,0,0,0,0,11,0,0,0,,1,F,0,0
56,0,0,0,3,0,0,0,0,0.058823529,0,0,0.058823529,0,0,0,0,0,0,0,96,0,0,0,0,0,0,0,0,0,1,0,0,0,1,0,0,0,0,0,0,0,0,0,1,0,0.058823529,0,0,0,0.058823529,0,0.117647059,0,0,0,0,1,17,0,0,0,0,0,0,0,0,0,0,0,0,0,0,0,0,0,0,0,0,0,0,0,0,0,0,0,0,0,0,0,0,0,0,0,0,0,0,10,0,0,0,,1,F,0,0
57,0,0,0,7,0,0,0,0,0.086956522,0,0,0.043478261,0,0,0,0,0,0,0,122,0,0,0,0,0,0,0,0,0,0,0,0,0,0,0,0,0,0,0,0,0,0,0,0,0,0.304347826,0,0,0,0.086956522,0,0,0,0,0,0,0,23,0,0,0,0,0,0,0,0,0,0,0,0,0,0,0,0,0,0,0,0,0,0,0,0,0,0,0,0,0,0,0,0,0,0,0,0,0,0,10,0,0,0,,1,F,0,1
58,0,0,0,3,0,0,1,0,0.055555556,0,0,0.055555556,0,0,0,0,0,0,0,119,0,0,0,0,0,0,0,0,0,0,0,0,0,0,0,0,0,0,0,0,0,0,0,0,0,0.055555556,0,0,0,0.055555556,0,0.055555556,0,0,0,0,0,18,0,0,0,0,0,0,0,0,0,0,0,0,0,0,0,0,0,0,0,0,0,0,0,0,0,0,0,0,0,0,0,0,0,0,0,0,0,0,8,0,0,0,,1,F,0,0
59,0,0,0,3,0,0,0,0,0.08,0,0,0,0,0,0,0,0,0,0,154,0,0,1,0,0,0,0,0,0,0,0,0,0,0,0,0,1,0,0,0,0,0,0,0,0,0.08,0,0,0,0.04,0,0.16,0,0,0,0,0,25,0,0,0,0,0,0,0,0,0,0,0,0,0,0,0,0,0,0,0,0,0,0,0,0,0,0,0,0,0,0,0,1,0,0,0,0,0,0,14,0,0,0,,1,F,0,0
60,0,1,0,3,0,0,0,0,0.068965517,0,0,0,0,0,0,0,0,0,0,179,1,0,0,0,0,0,0,0,0,0,0,0,0,0,0,0,0,0,0,0,0,0,0,0,0,0.172413793,1,0,1,0.034482759,0,0.137931034,0,0,0,0,0,29,0,0,0,0,0,0,0,0,0,0,0,0,1,0,0,0,0,0,0,0,0,1,0,0,0,0,0,0,0,0,0,1,0,0,0,0,0,0,10,0,0,0,,1,F,0,0
61,0,1,0,3,0,0,0,0,0.057142857,0,0,0.028571429,0,1,0,0,0,0,0,207,1,0,0,0,0,0,0,0,1,0,0,0,0,1,0,0,1,0,0,0,0,0,0,0,0,0.085714286,1,0,0,0.057142857,0,0.085714286,0,0,0,0,0,35,0,0,0,0,0,0,0,0,0,0,0,0,0,0,0,0,0,0,0,0,0,1,0,0,0,0,0,0,0,0,0,0,0,0,0,0,0,0,14,0,0,0,,1,F,0,0
62,0,0,0,3,0,0,0,0,0.03125,0,0,0,0,0,0,0,0,0,0,219,0,0,0,0,0,0,0,0,0,0,0,0,0,0,0,0,0,0,0,0,0,0,0,0,0,0.25,0,0,0,0.03125,0,0.03125,0,0,1,0,0,32,0,0,0,0,0,0,0,0,0,0,1,0,1,0,0,0,0,0,0,0,0,1,0,0,0,0,0,1,0,1,0,0,0,0,0,0,0,0,18,0,0,0,,1,F,0,0
63,0,0,0,5,0,0,0,0,0.0625,0,0,0.0625,0,0,0,0,0,0,0,208,1,0,0,0,0,0,0,0,0,0,0,0,0,0,1,0,0,1,0,0,0,0,0,0,0,0.34375,1,0,0,0.03125,0,0.0625,0,0,0,0,1,32,0,0,0,0,0,0,0,0,0,0,0,0,0,0,0,0,0,0,0,0,0,0,0,0,0,0,0,0,0,0,0,0,0,0,0,0,0,0,12,0,0,0,,1,F,0,0
64,0,0,0,5,0,0,0,0,0.04,0,0,0,0,0,0,0,0,0,0,188,0,0,0,0,0,0,0,0,0,0,0,0,0,0,0,0,0,0,0,0,0,0,0,0,0,0.24,0,0,0,0.04,0,0.04,0,0,1,0,0,25,0,0,0,1,0,0,0,0,0,0,1,0,0,0,0,0,0,0,0,0,0,1,0,0,0,0,0,0,0,0,0,1,0,0,0,0,0,0,12,0,0,0,,1,F,0,0
65,0,0,0,3,1,0,1,0,0.034482759,0,0,0,0,0,0,0,0,0,0,174,0,0,0,0,0,0,0,0,0,1,0,0,0,0,0,0,0,0,0,0,1,1,0,1,0,0.068965517,0,0,1,0.034482759,0,0.034482759,0,0,0,0,0,29,1,0,0,0,0,0,0,0,0,0,0,0,0,0,0,0,0,0,0,0,0,0,0,0,0,0,0,0,0,0,0,0,0,0,0,0,0,0,17,0,0,0,,1,F,0,0
66,0,0,0,7,1,0,0,0,0.030769231,0,0,0,0,0,0,0,0,0,0,399,0,0,0,0,0,0,0,0,0,0,0,0,0,1,0,0,0,0,0,0,0,0,1,0,0,0.030769231,0,0,0,0.030769231,0,0.030769231,0,0,0,0,0,65,0,0,0,0,0,0,0,0,0,0,0,0,0,0,0,0,0,0,0,0,0,0,0,0,0,0,0,0,0,0,0,1,0,0,0,0,0,0,14,0,0,0,,1,F,0,0
67,0,0,0,3,0,0,0,0,0.034482759,0,0,0,0,0,0,0,0,0,0,173,0,0,0,0,0,0,0,0,0,0,0,0,1,0,0,0,0,0,0,0,0,0,0,0,0,0.275862069,0,1,0,0.068965517,0,0.034482759,0,0,0,0,0,29,0,0,0,0,0,0,0,0,0,0,0,0,0,0,0,0,0,0,0,0,0,0,0,0,0,0,0,0,0,0,0,0,0,0,0,0,0,0,13,0,0,0,,1,F,0,0
68,0,0,0,3,0,0,1,0,0.086956522,0,0,0.043478261,1,0,0,0,0,0,0,130,0,0,0,0,0,0,0,0,0,1,0,0,0,0,0,0,0,0,0,0,0,0,0,0,0,0.043478261,0,0,0,0.086956522,0,0.043478261,0,0,0,0,1,23,0,0,0,0,0,0,0,0,0,0,0,0,0,0,0,0,0,0,0,0,0,1,0,0,0,0,0,0,0,0,0,0,0,0,0,0,0,0,13,0,0,0,,1,F,0,1
69,0,0,0,3,0,0,0,0,0.03030303,0,0,0,1,1,0,0,0,0,0,260,0,0,0,0,0,0,0,0,0,1,0,0,0,0,0,0,0,0,0,0,0,0,0,1,0,0.181818182,0,0,0,0.03030303,0,0.03030303,0,0,0,0,0,33,0,0,0,0,0,0,0,0,0,0,0,0,0,0,0,0,0,0,0,0,0,0,0,0,0,0,0,0,0,0,0,0,0,0,0,0,1,0,16,0,0,0,,1,F,0,1
70,0,0,0,4,1,0,1,0,0.037735849,0,0,0,1,0,0,0,0,0,0,334,0,0,0,0,0,0,0,0,0,1,0,0,1,0,0,0,0,0,0,0,1,1,1,0,0,0.037735849,0,0,1,0.056603774,1,0.018867925,0,0,0,0,0,53,0,0,0,1,0,0,0,0,0,0,0,0,0,0,1,1,0,0,0,0,0,0,0,0,0,0,0,0,0,1,0,1,0,0,0,0,0,0,13,0,0,0,,1,F,0,0
71,0,0,0,4,1,0,1,0,0.051282051,0,0,0,1,0,0,0,0,0,0,230,0,0,0,0,0,0,0,0,0,1,0,0,1,0,0,0,0,0,0,0,0,1,1,0,0,0.076923077,0,0,1,0.076923077,0,0.025641026,0,0,0,0,0,39,0,0,0,1,0,0,0,0,0,0,0,0,0,0,0,1,0,0,0,0,0,0,0,0,0,0,0,0,0,0,0,1,0,0,0,0,0,0,12,0,0,0,,1,F,0,0
72,0,1,0,3,0,0,0,0,0.014084507,0,0,0.014084507,0,0,0,0,1,0,0,483,0,0,0,0,0,0,0,0,0,1,0,0,0,1,0,0,0,0,0,0,0,0,0,0,0,0.197183099,0,0,0,0.014084507,0,0.084507042,0,0,1,0,0,71,0,0,0,0,0,0,0,0,0,0,1,0,1,0,0,0,0,0,0,0,1,1,0,0,0,0,0,0,0,0,0,0,1,0,1,0,1,0,21,0,0,0,,1,F,0,1
73,0,1,0,3,0,0,0,0,0.052631579,0,0,0,0,0,0,0,1,0,0,132,0,0,0,0,0,0,0,0,0,0,0,0,0,0,0,0,1,0,0,0,0,0,0,0,0,0.105263158,0,0,0,0.052631579,0,0.052631579,0,0,1,0,0,19,0,0,0,0,0,0,0,0,0,0,1,0,1,0,0,0,0,0,0,0,1,1,0,0,0,0,0,0,0,0,0,0,1,0,0,0,0,0,13,0,0,0,,1,F,0,1
74,0,1,0,3,0,0,0,0,0.055555556,0,0,0,0,0,0,0,0,0,0,111,0,0,0,0,0,0,0,0,0,0,0,0,0,0,0,0,0,0,0,0,0,0,0,0,0,0.222222222,0,0,0,0.055555556,0,0,0,0,0,0,0,18,0,0,0,0,0,0,0,0,0,0,0,0,1,0,0,0,0,0,0,0,0,1,0,0,0,0,0,0,0,0,0,0,0,0,0,0,0,0,14,0,0,0,,1,F,0,1
75,1,0,0,3,0,0,0,0,0.028571429,0,0,0.028571429,0,0,0,0,1,0,0,232,0,0,0,0,0,0,0,0,0,0,0,0,0,0,1,0,1,0,0,0,0,0,0,0,0,0.114285714,0,0,0,0.028571429,0,0.057142857,0,0,1,1,0,35,0,0,0,0,0,0,0,0,0,0,1,0,1,0,0,0,0,0,0,0,0,1,0,0,0,0,0,0,0,0,0,0,0,0,0,0,0,0,14,0,0,0,,1,F,0,0
76,1,0,0,3,0,0,0,0,0.047619048,0,0,0,0,0,0,0,0,0,0,140,0,0,0,0,0,0,0,0,0,0,0,0,0,0,1,0,0,0,0,0,0,0,0,0,0,0.333333333,0,0,0,0.095238095,0,0.047619048,0,0,0,0,0,21,0,0,0,0,0,0,0,0,0,0,0,0,1,0,0,0,0,0,0,0,0,1,0,0,0,0,0,0,0,1,0,0,0,0,0,0,0,0,13,0,0,0,,1,F,0,0
77,1,0,0,3,0,0,0,0,0.043478261,0,0,0,0,0,0,0,0,0,0,154,0,0,0,0,0,0,0,0,0,0,0,0,0,1,0,0,0,0,0,0,0,0,0,0,0,0.260869565,0,0,0,0.043478261,0,0.086956522,0,0,0,0,0,23,0,0,0,0,0,0,0,0,0,0,0,0,1,0,0,0,0,0,0,0,0,1,0,0,0,0,0,0,0,0,0,0,0,0,0,0,0,0,13,0,0,0,,1,F,0,0
78,0,0,0,3,0,0,0,0,0.0625,0,0,0,0,0,0,0,0,0,0,99,0,0,0,0,0,0,0,0,0,0,1,0,0,0,0,0,1,0,0,0,0,0,0,0,0,0.0625,0,0,0,0.125,0,0.125,0,0,0,0,0,16,0,0,0,0,0,0,0,0,0,0,0,0,0,0,0,0,0,0,0,0,0,1,0,0,0,0,0,0,0,0,0,0,0,0,0,0,0,0,12,0,0,0,,1,F,0,0
79,1,0,0,5,0,0,0,0,0.041666667,0,0,0.020833333,0,0,0,0,1,0,0,317,0,0,0,0,0,0,0,0,0,0,0,0,0,1,1,0,1,0,0,0,0,0,0,0,0,0.041666667,0,1,0,0.041666667,0,0.083333333,0,0,1,0,0,48,0,0,0,0,0,0,0,0,0,0,1,0,0,0,0,0,0,0,0,0,0,1,0,0,0,0,0,0,0,0,0,0,0,0,0,0,0,0,13,0,0,0,,1,F,0,0
80,0,0,0,3,0,0,0,0,0.066666667,0,0,0,0,0,0,0,0,0,0,102,0,0,0,0,0,0,0,0,0,1,0,0,0,0,0,0,1,0,0,0,0,0,0,0,0,0.133333333,0,0,0,0.133333333,0,0.133333333,0,0,0,1,0,15,0,0,0,0,0,0,0,0,0,0,0,0,0,0,0,0,0,0,0,0,0,0,0,0,0,0,0,0,0,0,0,0,0,0,0,0,0,0,12,0,0,0,,1,F,0,1
81,0,0,0,16,0,0,0,0,0.024390244,0,0,0.048780488,0,0,0,0,0,0,0,259,0,0,0,0,0,0,0,0,0,0,0,0,0,0,1,0,0,0,0,0,0,0,0,0,0,0.073170732,0,0,0,0.024390244,0,0.048780488,0,0,0,0,0,41,0,0,0,0,0,0,0,0,0,0,0,0,0,0,0,0,0,0,0,0,0,1,0,0,0,0,0,0,0,0,0,0,0,0,0,0,0,0,7,0,0,0,,1,F,0,1
82,0,1,0,3,0,0,0,0,0.048543689,0,0,0.019417476,0,0,0,0,0,0,0,654,1,0,1,0,0,0,0,0,0,1,0,0,0,1,0,0,1,0,0,0,0,0,0,0,0,0.106796117,1,0,1,0.009708738,0,0.116504854,0,1,0,1,0,103,0,0,0,0,0,0,0,0,0,0,0,0,0,0,0,0,0,0,0,0,0,1,0,0,0,0,0,0,0,0,0,1,0,0,0,0,0,0,20,0,1,0,,1,F,0,0
83,0,0,0,7,0,0,0,0,0.085714286,0,0,0,0,0,0,0,0,0,0,204,1,0,0,0,0,0,0,0,0,0,0,0,0,0,0,0,0,0,0,0,0,0,0,0,0,0.028571429,1,0,0,0.028571429,0,0.028571429,0,0,0,0,0,35,0,0,0,0,0,0,0,0,0,0,0,0,0,0,1,0,0,0,0,0,0,0,0,0,1,0,0,0,0,0,0,0,0,0,0,0,0,0,11,0,0,0,,1,F,0,0
84,0,0,0,2,0,0,0,0,0.052631579,0,0,0,0,0,0,0,0,0,0,103,0,0,0,0,0,0,0,0,0,0,0,0,0,0,0,0,1,0,0,0,0,0,0,0,0,0.052631579,0,0,0,0.052631579,0,0.105263158,0,0,0,0,0,19,0,0,0,0,0,0,0,0,0,0,0,0,0,0,0,0,0,0,0,0,0,0,0,0,0,0,0,0,0,0,0,0,0,0,0,0,0,0,11,0,0,0,,1,F,0,0
85,0,1,0,3,1,0,0,0,0.019230769,0,0,0,0,0,1,0,0,0,0,415,0,0,0,0,0,0,0,0,1,0,0,0,0,0,1,0,1,0,0,0,1,0,0,0,0,0.153846154,0,0,0,0.019230769,0,0.019230769,0,0,0,0,0,52,0,0,0,0,0,0,0,0,0,0,0,0,0,0,0,0,0,0,0,0,0,1,0,0,0,0,0,0,0,0,0,0,0,0,0,0,0,0,16,0,0,0,,1,F,0,1
86,0,0,0,2,0,0,0,0,0.071428571,0,0,0,0,0,0,0,0,0,0,100,0,0,0,0,0,0,0,0,0,0,0,0,0,0,1,0,0,0,0,0,0,0,0,0,0,0.071428571,0,0,0,0.071428571,0,0,0,0,0,0,0,14,0,0,0,0,0,0,0,0,0,0,0,0,0,0,0,0,0,0,0,0,0,0,0,0,0,0,0,0,0,0,0,0,0,0,0,0,0,0,8,0,0,0,,1,F,0,0
87,0,0,0,3,1,0,0,0,0.047619048,0,0,0,0,0,0,0,0,0,0,122,0,0,0,0,0,0,0,0,0,0,0,0,0,0,0,0,0,0,0,0,1,0,0,0,0,0.238095238,0,0,0,0.047619048,0,0,0,0,0,0,0,21,0,0,0,0,0,0,0,0,0,0,0,0,0,0,0,0,0,0,0,0,0,0,0,0,0,0,0,0,0,0,0,0,0,0,0,0,0,0,10,0,0,0,,1,F,0,0
88,0,0,0,3,0,0,0,0,0.037037037,0,0,0.037037037,0,0,0,0,0,0,0,176,0,0,0,0,0,0,0,0,0,0,0,0,0,0,0,0,1,1,0,0,0,0,0,0,0,0.074074074,0,0,0,0.037037037,0,0.074074074,0,0,0,0,0,27,0,0,0,1,0,0,0,0,0,0,0,0,1,0,0,0,0,0,0,0,0,1,0,0,0,0,0,0,0,0,0,0,0,0,0,0,0,0,11,0,0,0,,1,F,0,0
89,0,0,0,3,0,0,0,0,0.071428571,0,0,0,0,0,0,0,0,0,0,84,1,0,0,0,0,0,0,0,0,0,0,0,0,0,0,0,1,0,0,0,0,0,0,0,0,0.071428571,1,0,0,0.071428571,0,0.142857143,0,0,0,1,0,14,0,0,0,0,0,0,0,0,0,0,0,0,0,0,0,0,0,0,0,0,0,0,0,0,0,0,0,0,0,0,0,0,0,0,0,0,0,0,7,0,0,0,,1,F,0,0
90,0,1,0,3,0,0,0,0,0.055555556,0,0,0.055555556,0,0,0,0,0,0,0,138,0,0,0,0,0,0,0,0,1,0,0,0,0,0,0,0,0,0,0,0,0,0,0,0,0,0.111111111,0,0,0,0.111111111,0,0.111111111,0,0,0,0,0,18,0,0,0,0,0,0,0,0,0,0,0,0,0,0,0,0,0,0,0,0,0,1,0,0,0,0,0,0,0,0,0,0,0,0,0,0,0,0,9,0,0,0,,1,F,0,0
91,0,1,0,2,0,0,0,0,0.055555556,0,0,0.055555556,0,0,0,0,0,0,0,135,0,0,0,0,0,0,0,0,1,0,0,0,0,0,0,0,0,0,0,0,0,0,0,0,0,0.222222222,0,0,0,0.111111111,0,0.111111111,0,0,0,0,0,18,0,0,0,0,0,0,0,0,0,0,0,0,0,0,0,0,0,0,0,0,0,1,0,0,0,0,0,0,0,0,0,0,0,0,0,0,0,0,9,0,0,0,,1,F,0,0
92,0,0,0,3,0,0,0,0,0.090909091,0,0,0,0,0,0,0,0,0,0,77,0,0,0,0,0,0,0,0,0,0,0,0,0,0,1,0,0,0,0,0,0,0,0,0,0,0.090909091,0,0,0,0.090909091,0,0,0,0,0,0,0,11,0,0,0,0,0,0,0,0,0,0,0,0,0,0,0,0,0,0,0,0,0,0,0,0,0,0,0,0,0,0,0,0,0,0,0,0,0,0,6,0,0,0,,1,F,0,0
93,0,0,0,3,0,0,0,0,0.037037037,0,0,0.037037037,0,0,0,0,0,0,0,193,0,0,0,0,0,0,0,0,0,0,0,0,0,0,0,0,0,0,0,0,0,0,0,0,0,0.074074074,0,0,0,0.037037037,0,0.111111111,0,0,0,0,0,27,0,0,0,0,0,0,0,0,0,0,0,0,0,0,0,0,0,0,0,0,0,0,0,0,0,0,0,0,0,0,0,0,0,0,0,0,0,0,13,0,0,0,,1,F,0,0
94,0,1,0,3,0,0,0,0,0.055555556,0,0,0,0,0,0,0,0,0,0,118,1,0,0,0,0,0,0,0,0,0,0,0,0,0,0,0,0,0,0,0,0,0,0,0,0,0.166666667,1,1,0,0.055555556,0,0.055555556,0,0,0,0,0,18,0,0,0,0,0,0,0,0,0,0,0,0,0,0,0,0,0,0,0,0,1,1,0,0,0,0,0,0,0,0,0,0,0,0,0,0,0,0,7,0,0,0,,1,F,0,0
95,0,0,0,4,0,0,0,0,0.08,0,0,0,0,0,0,0,0,0,0,136,0,0,1,0,0,0,0,0,0,0,0,0,0,1,0,0,1,0,0,0,0,0,0,0,0,0.28,0,0,0,0.12,0,0.12,0,0,0,1,0,25,0,0,0,0,0,0,0,0,0,0,0,0,0,0,0,0,0,0,0,0,0,1,0,0,0,0,0,0,0,0,0,0,0,0,0,0,0,0,12,0,0,0,,1,F,0,1
96,0,0,0,3,0,0,0,0,0.1875,0,0,0.0625,0,0,0,0,0,0,0,108,1,0,0,0,0,0,0,0,0,0,0,0,0,0,0,0,1,0,0,0,0,0,0,0,0,0.125,1,0,0,0.1875,0,0.0625,0,0,0,1,0,16,0,0,0,0,1,0,0,0,0,0,0,0,0,0,0,0,0,0,0,0,0,0,0,0,0,0,0,0,0,0,0,0,0,0,0,0,0,0,12,0,0,0,,1,F,0,0
97,0,0,0,3,0,0,0,0,0.071428571,0,0,0.071428571,0,0,0,0,0,0,0,84,1,0,0,0,0,0,0,0,0,0,0,0,0,0,0,0,1,0,0,0,0,0,0,0,0,0.142857143,0,0,0,0.071428571,0,0.071428571,0,0,0,0,1,14,0,0,0,0,0,0,0,0,0,0,0,0,0,0,0,0,0,0,0,0,0,0,0,0,0,0,0,0,0,0,0,0,0,0,0,0,0,0,7,0,0,0,,1,F,0,0
98,0,0,0,3,0,0,0,0,0.066666667,0,0,0,0,0,0,0,0,0,0,96,1,0,1,0,0,0,0,0,0,0,0,0,0,1,0,0,1,0,0,0,0,0,0,0,0,0.066666667,1,0,0,0.133333333,0,0.2,0,0,0,0,0,15,0,0,0,0,0,0,0,0,0,0,0,0,1,0,0,0,0,0,0,0,0,1,0,0,0,0,0,0,0,0,0,0,0,0,0,0,0,0,12,0,0,0,,1,F,0,1
99,0,1,0,3,0,0,0,0,0.04,0,0,0,0,0,0,0,0,0,0,163,0,0,0,0,0,0,0,0,1,0,0,0,0,0,0,0,0,0,0,0,0,0,0,0,0,0.04,0,0,0,0.04,0,0.08,0,0,0,0,0,25,0,0,0,0,0,0,0,0,0,0,0,0,0,0,0,0,0,0,0,0,0,1,0,0,0,0,0,0,1,0,0,0,0,0,0,0,0,0,10,0,0,0,,1,F,0,0
100,0,1,0,3,0,0,0,0,0.0625,0,0,0,0,0,0,0,0,0,0,94,0,0,0,0,0,0,0,0,1,0,0,0,0,0,0,0,0,0,0,0,0,0,0,0,0,0.3125,0,0,0,0.0625,0,0.125,0,0,0,0,0,16,0,0,0,0,0,0,0,0,0,0,0,0,0,0,0,0,0,0,0,0,0,1,0,0,0,0,0,0,1,0,0,0,0,0,0,0,0,0,9,0,0,0,,1,F,0,0
101,0,0,0,4,0,0,0,0,0.068965517,0,0,0,0,0,0,0,0,0,0,159,1,0,0,0,0,0,0,0,0,0,0,0,0,0,0,0,0,0,0,0,0,0,0,0,0,0.137931034,1,0,0,0.034482759,0,0.068965517,0,0,0,0,0,29,0,0,0,0,0,0,0,0,0,0,0,0,0,0,1,0,0,0,0,0,0,0,0,0,0,0,0,0,0,0,0,1,0,0,0,0,0,0,9,0,0,0,,1,F,0,0
102,0,0,0,3,1,0,1,0,0.083333333,0,0,0,0,0,0,0,0,0,0,61,0,0,0,0,0,0,0,0,0,0,0,0,0,0,0,0,0,0,0,0,1,1,0,0,0,0.083333333,0,0,0,0.083333333,0,0.083333333,0,0,0,0,0,12,0,0,0,0,0,0,0,0,0,0,0,0,0,0,0,0,0,0,0,0,0,0,0,0,0,0,0,0,0,0,0,1,0,0,0,0,0,0,10,0,0,0,,1,F,0,0
103,0,0,0,3,0,0,1,0,0.033333333,0,0,0.066666667,0,0,0,0,0,0,0,166,0,0,1,0,0,0,0,0,0,0,0,0,0,0,0,0,1,0,0,0,0,0,0,0,0,0.133333333,0,0,0,0.033333333,0,0.1,0,0,0,0,0,30,0,0,0,0,0,0,0,0,0,0,0,0,0,0,0,0,0,0,0,0,0,0,0,0,0,0,0,0,0,0,0,0,0,0,0,0,0,0,13,0,0,0,,1,F,0,0
104,0,1,0,5,0,0,0,0,0.032258065,0,0,0.032258065,0,0,0,0,0,0,0,182,0,0,0,0,0,0,0,0,1,0,0,0,0,0,0,0,0,0,0,0,0,0,0,0,0,0.193548387,0,0,0,0.032258065,0,0.032258065,0,0,0,0,0,31,0,0,0,0,0,0,0,0,0,0,0,0,0,0,0,0,0,0,0,0,0,1,0,0,0,0,0,0,1,0,0,0,0,0,0,0,0,0,10,0,0,0,,1,F,0,0
105,0,1,0,5,0,0,0,0,0.029411765,0,0,0.029411765,0,0,0,0,0,0,0,195,0,0,0,0,0,0,0,0,1,0,0,0,0,0,0,0,0,0,0,0,0,0,0,0,0,0.264705882,0,1,0,0.029411765,0,0.029411765,0,0,1,0,0,34,0,0,0,0,0,0,0,0,0,0,0,0,0,0,0,0,0,0,0,0,0,1,0,0,0,0,0,0,1,0,0,0,0,0,0,0,0,0,10,0,0,0,,1,F,0,0
106,0,0,0,2,0,0,0,0,0.025641026,0,0,0,0,0,0,0,0,0,0,213,0,0,0,0,0,0,0,0,0,1,0,0,0,0,0,0,1,0,0,0,0,0,0,0,0,0.025641026,0,0,0,0.025641026,0,0.025641026,0,0,0,1,0,39,0,0,0,1,0,0,0,0,0,0,0,0,0,0,0,0,0,0,0,0,0,0,0,0,0,0,0,0,0,0,0,0,0,0,0,0,0,0,18,0,0,0,,1,F,0,0
107,0,0,0,3,1,0,1,0,0.041666667,0,0,0,0,0,0,0,0,0,0,158,0,0,0,0,0,0,0,0,0,0,0,0,0,0,0,0,1,0,0,0,1,1,0,0,0,0.083333333,0,0,0,0.041666667,0,0.125,0,0,0,1,0,24,0,0,0,0,0,0,0,0,0,0,0,0,0,0,0,0,0,0,0,0,0,0,0,0,0,0,0,0,0,0,0,0,0,0,0,0,0,0,10,0,0,0,,1,F,0,0
108,0,0,0,3,0,0,0,0,0.058823529,0,0,0,0,0,0,0,0,0,0,84,0,0,0,0,0,0,0,0,0,0,0,0,0,0,0,0,1,0,0,0,0,0,0,0,0,0.117647059,0,0,0,0.058823529,0,0.058823529,0,0,0,1,0,17,0,0,0,0,0,0,0,0,0,0,0,0,0,0,0,0,0,0,0,0,0,0,0,0,0,0,0,0,0,0,0,0,0,0,0,0,0,0,11,0,0,0,,1,F,0,0
109,0,0,0,3,0,0,0,0,0.083333333,0,0,0,0,0,0,0,0,0,0,78,1,0,0,0,0,0,0,0,0,0,0,0,0,0,0,0,0,0,0,0,0,0,0,0,0,0.083333333,1,0,0,0.083333333,0,0,0,0,0,0,0,12,0,0,0,0,0,0,0,0,0,0,0,0,0,0,0,0,0,0,0,0,0,0,0,0,0,0,0,0,0,0,0,1,0,0,0,0,0,0,8,0,0,0,,1,F,0,0
110,0,0,0,4,0,0,1,0,0.045454545,0,0,0,0,0,0,0,0,0,0,115,1,0,0,0,0,0,0,0,0,0,0,0,0,1,1,0,0,0,0,0,0,0,0,0,0,0.045454545,1,0,0,0.045454545,0,0.045454545,0,0,0,0,0,22,0,0,0,0,0,0,0,0,0,0,0,0,0,0,0,0,0,0,0,0,0,0,0,0,0,0,0,0,0,0,0,0,0,0,0,0,0,0,10,0,0,0,,1,F,0,0
111,0,0,0,4,0,0,1,0,0.045454545,0,0,0,0,0,0,0,0,0,0,114,1,0,0,0,0,0,0,0,0,0,0,0,0,1,1,0,0,0,0,0,0,0,0,0,0,0.045454545,1,0,0,0.045454545,0,0.045454545,0,0,0,0,0,22,0,0,0,0,0,0,0,0,0,0,0,0,0,0,0,0,0,0,0,0,0,0,0,0,0,0,0,0,0,0,0,0,0,0,0,0,0,0,10,0,0,0,,1,F,0,0
112,0,0,0,5,1,0,0,0,0.05,0,0,0,0,0,0,0,0,0,0,108,0,0,0,0,0,0,0,0,0,0,0,0,0,0,1,0,0,0,0,0,0,0,1,0,0,0.1,0,0,0,0.05,0,0.05,0,0,0,0,0,20,0,0,0,0,0,0,0,0,0,0,0,0,0,0,0,0,0,0,0,0,0,0,0,0,0,0,0,0,0,0,0,0,0,0,0,0,0,0,9,0,0,0,,1,F,0,0
113,0,0,0,3,0,0,0,0,0.0625,0,0,0,0,0,1,0,0,0,0,97,1,0,0,0,0,0,0,0,0,0,0,0,0,0,0,0,0,0,0,0,0,0,0,0,0,0.1875,1,0,0,0.0625,0,0.125,0,0,0,0,0,16,0,0,0,0,0,0,0,0,0,0,0,0,0,0,0,0,0,0,0,0,0,0,0,0,0,0,0,0,0,0,0,1,0,0,0,0,0,0,8,0,0,0,,1,F,0,0
114,0,0,0,3,0,0,0,0,0.076923077,0,0,0,0,0,0,0,0,0,0,64,0,0,0,0,0,0,0,0,0,0,0,0,0,0,0,0,0,0,0,0,0,0,0,0,0,0.153846154,0,0,0,0.076923077,0,0.076923077,0,0,0,0,0,13,0,0,0,0,0,0,0,0,0,0,0,0,0,0,0,0,0,0,0,0,0,0,0,0,0,0,0,0,0,0,0,0,0,0,0,0,0,0,9,0,0,0,,1,F,0,0
115,0,0,0,3,1,0,0,0,0.047619048,0,0,0.047619048,0,0,0,0,0,0,0,146,1,0,0,0,0,0,0,0,0,0,0,0,0,0,0,0,0,0,0,0,1,0,0,0,0,0.047619048,1,0,0,0.047619048,0,0.142857143,0,0,0,0,0,21,0,0,0,0,1,0,0,0,0,0,0,0,0,0,0,0,0,0,0,0,0,0,0,0,0,0,0,0,0,0,0,0,0,0,0,0,0,0,11,0,0,0,,1,F,0,0
116,0,0,0,3,0,0,0,0,0.111111111,0,0,0,0,0,0,0,0,0,0,68,0,0,0,0,0,0,0,0,0,0,0,0,0,0,0,0,1,0,0,0,0,0,0,0,0,0.111111111,0,0,0,0.111111111,0,0.222222222,0,0,0,0,0,9,0,0,0,0,0,0,0,0,0,0,0,0,0,0,0,0,0,0,0,0,0,0,0,0,0,0,0,0,0,0,0,0,0,0,0,0,0,0,6,0,0,0,,1,F,0,0
117,0,0,0,3,0,0,0,0,0.076923077,0,0,0.076923077,0,0,0,0,0,0,0,72,1,0,0,0,0,0,0,0,0,0,0,0,0,0,0,0,1,0,0,0,0,0,0,0,0,0.153846154,0,0,0,0.076923077,0,0.076923077,0,0,0,0,1,13,0,0,0,0,0,0,0,0,0,0,0,0,0,0,0,0,0,0,0,0,0,0,0,0,0,0,0,0,0,0,0,0,0,0,0,0,0,0,6,0,0,0,,1,F,0,0
118,1,0,0,7,0,0,0,0,0.034482759,0,0,0.017241379,0,0,0,0,0,0,0,385,0,0,0,0,0,0,0,0,0,0,0,0,0,0,0,0,0,0,0,0,0,0,0,0,0,0.068965517,0,0,0,0.017241379,0,0.034482759,0,0,1,0,0,58,0,0,0,0,0,0,0,0,0,0,1,0,1,0,0,0,0,0,0,0,0,1,0,0,0,0,0,0,0,0,0,1,0,0,0,0,0,0,16,0,0,1,,1,F,0,0
119,0,0,0,2,0,0,0,0,0.041666667,0,0,0.041666667,0,0,0,0,0,0,0,167,0,0,0,0,0,0,0,0,0,0,0,0,0,0,0,0,1,0,0,0,0,0,0,0,0,0.125,0,0,0,0.041666667,0,0.208333333,0,0,1,0,0,24,0,0,0,0,0,0,0,0,0,0,1,0,0,0,0,0,0,0,0,0,0,0,0,0,0,0,0,0,0,0,0,0,0,0,0,0,0,0,14,0,0,0,,1,F,0,0
120,0,0,0,3,1,0,1,0,0.055555556,0,0,0,0,0,0,0,0,0,0,104,0,0,0,0,0,0,0,0,0,0,0,0,0,0,0,0,0,0,0,0,0,1,1,0,0,0.111111111,0,0,0,0.055555556,0,0.055555556,0,0,0,0,0,18,0,0,0,0,0,0,0,0,0,0,0,0,0,0,0,0,0,0,0,0,0,0,0,0,0,0,0,0,0,0,0,0,0,0,0,0,1,0,9,0,0,0,,1,F,0,0
121,0,0,0,3,1,0,1,0,0.05,0,0,0,0,0,0,0,0,0,0,105,0,0,0,0,0,0,0,0,0,0,0,0,0,0,0,0,0,0,0,0,0,1,1,0,0,0.05,0,1,0,0.05,0,0.05,0,0,1,0,0,20,0,0,0,0,0,0,0,0,0,0,0,0,0,0,0,0,0,0,0,0,0,0,0,0,0,0,0,0,0,0,0,0,0,0,0,0,0,0,10,0,0,0,,1,F,0,0
122,0,1,0,3,0,0,0,0,0.090909091,0,0,0,0,0,0,0,1,0,0,84,0,0,0,0,0,0,0,0,0,0,0,0,0,0,0,0,1,0,0,0,0,0,0,0,0,0.090909091,0,0,0,0.181818182,0,0.090909091,0,0,1,0,0,11,0,0,0,0,0,0,0,0,0,0,1,0,1,0,0,0,0,0,0,0,0,1,0,0,0,0,0,0,0,0,0,0,0,0,0,0,0,0,10,0,0,0,,1,F,0,0
123,0,1,0,3,0,0,0,0,0.090909091,0,0,0.045454545,0,0,0,0,0,0,0,145,0,0,0,0,0,0,0,0,0,0,0,0,0,0,0,0,0,0,0,0,0,0,0,0,0,0.090909091,0,0,0,0.090909091,0,0.090909091,0,0,0,0,0,22,0,0,0,0,0,0,0,0,0,0,0,0,0,0,0,0,0,0,0,0,0,1,0,0,0,0,0,0,0,0,0,1,0,0,0,0,0,0,18,0,0,0,,1,F,0,0
124,0,0,0,3,1,0,0,0,0.052631579,0,0,0.052631579,0,0,0,0,0,0,0,117,1,0,0,0,0,0,0,0,0,0,0,0,0,0,0,0,0,0,0,0,1,0,0,0,0,0.105263158,1,0,0,0.052631579,0,0.157894737,0,0,0,0,0,19,0,0,0,0,0,0,0,0,0,0,0,0,0,0,0,0,0,0,0,0,0,0,0,0,0,0,0,0,0,0,0,0,0,0,0,0,0,0,12,0,0,0,,1,F,0,0
125,0,1,0,3,0,0,0,0,0.034482759,0,0,0,0,0,0,0,0,0,0,168,0,0,0,0,0,0,0,0,1,0,0,0,0,0,0,0,0,0,0,0,0,0,0,0,0,0.310344828,0,0,0,0.034482759,0,0.137931034,1,0,0,0,0,29,0,0,0,0,0,0,0,0,0,0,0,0,0,0,0,0,0,0,0,0,0,1,0,0,0,0,0,0,0,0,0,0,0,0,0,0,0,0,15,0,0,0,,1,F,0,0
126,1,0,0,3,0,0,0,0,0.071428571,0,0,0,0,0,0,0,0,0,0,97,0,0,0,0,0,0,0,0,0,0,0,0,0,0,0,0,1,0,0,0,0,0,0,0,0,0.071428571,0,0,0,0.214285714,0,0.071428571,0,0,0,0,0,14,0,0,0,0,0,0,0,0,0,0,0,0,0,0,0,0,0,0,0,0,1,0,0,0,0,0,0,0,0,0,0,0,1,0,0,0,0,0,13,0,0,0,,1,F,0,0
127,0,1,0,3,0,0,0,0,0.058823529,0,0,0,0,0,0,0,0,0,0,86,0,0,0,0,0,0,0,0,0,0,0,0,0,0,0,0,0,0,0,0,0,0,0,0,0,0.058823529,0,0,0,0.058823529,0,0.058823529,0,0,0,0,0,17,0,0,0,0,0,0,0,0,0,0,0,0,1,0,0,0,0,0,0,0,0,1,0,0,0,0,0,0,0,0,0,0,0,0,0,0,0,0,9,0,0,0,,1,F,0,0
128,0,0,0,3,0,0,0,0,0.047619048,0,0,0,0,0,0,0,0,0,0,119,0,0,0,0,0,0,0,0,0,0,0,0,1,0,0,0,0,0,0,0,0,0,0,0,0,0.142857143,0,0,0,0.047619048,0,0,0,0,0,0,0,21,0,0,0,0,0,0,0,0,0,0,0,0,0,0,0,0,0,0,0,0,0,0,0,0,0,0,0,0,0,0,0,0,0,0,0,0,0,0,8,0,0,0,,1,F,0,0
129,0,0,0,3,0,0,0,0,0.045454545,0,0,0,0,0,0,0,0,0,0,160,0,0,0,0,0,0,0,0,0,0,0,0,0,0,0,0,0,0,0,0,0,0,0,0,0,0.090909091,0,0,0,0.045454545,0,0.227272727,0,0,0,0,0,22,0,0,0,0,0,0,0,0,0,0,0,0,0,0,0,0,0,0,0,0,0,0,0,0,0,0,0,0,0,0,0,1,0,0,0,0,0,0,8,0,1,0,,1,F,0,0
130,0,0,0,3,1,0,0,0,0.05,0,0,0,0,0,0,0,0,0,0,100,0,0,0,0,0,0,0,0,0,0,0,0,0,0,0,0,0,0,0,0,0,0,1,0,0,0.05,0,0,0,0.05,0,0.05,0,0,0,0,0,20,0,0,0,0,0,0,0,0,0,0,0,0,0,0,0,0,0,0,0,0,0,0,0,0,0,0,0,0,0,0,0,0,0,0,0,0,0,0,9,0,0,0,,1,F,0,0
131,0,0,0,3,0,0,0,0,0.047619048,0,0,0,0,0,0,0,0,0,0,149,0,0,0,0,0,0,0,0,0,0,0,0,0,0,0,0,0,0,0,0,0,0,0,0,0,0.238095238,0,0,0,0.047619048,0,0.095238095,0,0,1,0,0,21,0,0,0,0,0,0,0,0,0,0,1,0,1,0,0,0,0,0,0,0,0,1,0,0,0,0,0,0,0,1,0,0,0,0,0,0,0,0,13,0,0,0,,1,F,0,0
132,0,0,0,3,0,0,0,0,0.047619048,0,0,0,0,1,0,0,0,0,0,127,0,0,0,0,0,0,0,0,0,0,0,0,0,0,0,0,0,0,0,0,0,0,0,0,0,0.095238095,0,0,0,0.047619048,0,0.142857143,0,0,0,0,0,21,0,0,0,0,0,0,0,0,0,0,0,0,0,0,0,0,0,0,0,0,1,0,0,0,0,0,0,0,0,0,0,0,0,0,0,0,0,0,12,0,0,0,,1,F,0,0
133,0,0,0,3,0,0,0,0,0.071428571,0,0,0,0,0,0,0,0,0,0,77,0,0,0,0,0,0,0,0,0,0,0,0,0,0,0,0,0,0,0,0,0,0,0,0,0,0.071428571,0,0,0,0.142857143,0,0.071428571,0,0,0,0,0,14,0,0,0,0,0,0,0,0,0,0,0,0,0,0,0,0,0,0,0,0,0,0,0,0,0,0,0,0,0,0,0,1,0,0,0,0,0,0,9,0,0,0,,1,F,0,0
134,0,0,0,5,0,0,0,0,0.043478261,0,0,0.043478261,0,0,0,0,0,0,0,153,0,0,0,0,0,0,0,0,0,0,0,0,0,0,0,0,0,0,0,0,0,0,0,0,0,0.086956522,0,0,0,0.086956522,1,0.086956522,0,0,0,0,1,23,0,0,0,0,0,0,0,0,0,0,0,0,0,0,0,0,0,0,0,0,0,1,0,0,0,0,0,0,0,0,0,0,0,0,0,0,0,0,9,0,0,0,,1,F,0,0
135,0,1,0,6,0,0,0,0,0.064516129,0,0,0,0,0,0,0,0,0,0,183,0,0,0,0,0,0,0,0,0,0,0,0,0,1,0,0,0,0,0,0,0,0,0,0,0,0.387096774,0,0,0,0.032258065,0,0.032258065,0,0,0,0,0,31,0,0,0,0,0,0,0,0,0,0,0,0,1,0,0,0,0,0,0,0,0,1,0,0,0,0,0,0,0,0,0,1,0,0,0,0,0,0,12,0,0,0,,1,F,0,0
136,0,0,0,3,0,0,0,0,0.0625,0,0,0.0625,0,0,0,0,0,0,0,110,0,0,0,0,0,0,0,0,0,0,0,0,0,1,0,0,1,0,0,0,0,0,0,0,0,0.1875,0,0,0,0.125,0,0.125,0,0,0,0,0,16,0,0,0,0,0,0,0,0,0,0,0,0,0,0,0,0,0,0,0,0,0,0,0,0,0,0,0,0,0,0,0,0,0,0,0,0,0,0,13,0,0,0,,1,F,0,0
137,0,0,0,3,0,0,0,0,0.047619048,0,0,0,0,0,1,0,0,0,0,150,0,0,0,0,0,0,0,0,0,0,0,0,0,1,0,0,0,0,0,0,0,0,0,0,0,0.095238095,0,0,0,0.047619048,0,0.238095238,0,0,0,0,0,21,0,0,0,0,0,0,0,0,0,0,0,0,0,0,0,0,0,0,0,0,0,0,0,0,0,0,0,0,0,0,0,1,0,0,0,0,0,0,12,0,0,0,,1,F,0,0
138,0,0,0,3,0,0,0,0,0.08,0,0,0,1,0,0,0,0,0,0,165,0,0,0,0,0,0,0,0,0,1,0,0,0,1,0,0,0,0,0,0,0,0,0,1,0,0.08,0,0,1,0.04,0,0.04,0,0,0,0,0,25,0,0,0,1,0,0,0,0,0,0,0,0,0,0,0,1,0,0,0,0,1,0,0,0,0,0,0,0,0,0,0,1,1,0,0,0,0,0,20,0,0,0,,1,F,0,0
139,0,0,0,3,0,0,0,0,0.066666667,0,0,0.066666667,0,0,0,0,0,0,0,104,1,0,0,0,0,0,1,0,0,0,0,0,0,0,0,0,0,0,0,0,0,0,0,0,0,0.133333333,0,0,0,0.066666667,0,0.066666667,0,0,0,0,1,15,0,0,0,0,0,0,0,0,0,0,0,0,1,0,0,0,0,0,0,0,0,1,0,0,0,0,0,0,0,1,0,0,0,0,0,0,0,0,8,0,0,0,,1,F,0,0
140,0,0,0,5,0,0,0,0,0.038461538,0,0,0,0,0,0,0,0,0,0,164,0,0,0,0,0,0,0,0,0,0,1,0,0,0,0,0,1,0,0,0,0,0,0,0,0,0.307692308,0,1,0,0.038461538,1,0.076923077,0,0,1,0,0,26,0,0,0,0,0,0,0,0,0,0,1,0,1,0,0,0,0,0,0,0,0,1,0,0,0,0,0,0,0,1,0,0,0,0,0,0,0,0,19,0,0,0,,1,F,0,0
141,0,0,0,3,0,0,0,0,0.047619048,0,0,0,0,0,0,0,0,0,0,122,0,0,0,0,0,0,0,0,0,0,0,0,0,0,0,0,0,0,0,0,0,0,0,0,0,0.047619048,0,0,0,0.047619048,0,0.047619048,0,0,0,0,0,21,0,0,0,0,0,0,0,0,0,0,0,0,0,0,0,0,0,0,0,0,0,0,0,0,0,0,0,0,0,0,0,0,0,0,0,0,0,0,9,0,0,0,,1,F,0,0
142,0,0,0,3,0,0,0,0,0.04,0,0,0.12,0,0,0,0,0,0,0,166,0,0,0,0,0,0,0,0,0,0,0,0,0,0,0,0,1,0,0,0,0,0,0,0,0,0.2,0,0,1,0.04,0,0.04,0,0,0,0,0,25,0,0,0,0,0,0,0,0,0,0,0,0,0,0,0,0,0,0,0,0,0,1,0,0,0,0,0,0,0,0,0,0,0,0,0,0,0,0,14,0,0,0,,1,F,0,0
143,0,0,0,5,0,0,0,0,0.04,0,0,0.04,0,0,0,0,1,0,0,138,0,0,1,0,0,0,0,0,1,0,0,0,0,0,0,0,0,0,0,0,0,0,0,0,0,0.24,0,0,0,0.12,0,0.12,0,0,1,0,0,25,0,0,0,0,1,0,0,0,0,0,1,0,0,0,0,0,0,0,0,0,0,1,0,0,0,0,0,0,0,0,0,0,0,0,0,0,0,0,14,0,0,0,,1,F,0,0
144,0,0,0,3,0,0,0,0,0.076923077,0,0,0,0,0,0,0,0,0,0,92,0,0,0,0,0,0,0,0,0,0,0,0,0,0,0,0,0,0,0,0,0,0,0,0,0,0.230769231,0,0,0,0.076923077,0,0.230769231,0,0,0,0,0,13,0,0,0,0,0,0,0,0,0,0,0,0,0,0,0,0,0,0,0,0,0,0,0,0,0,0,0,0,0,0,0,1,0,0,0,0,0,0,8,0,0,0,,1,F,0,0
145,0,0,0,3,0,0,0,0,0.125,0,0,0,0,0,0,0,0,0,0,54,0,0,0,0,0,0,0,0,0,0,0,0,0,0,0,0,1,0,0,0,0,0,0,0,0,0.25,0,0,0,0.125,0,0.125,0,0,0,0,0,8,0,0,0,0,0,0,0,0,0,0,0,0,0,0,0,0,0,0,0,0,0,0,0,0,0,0,0,0,0,0,0,0,0,0,0,0,0,0,8,0,0,0,,1,F,0,1
146,0,0,0,3,0,0,0,0,0.058823529,0,0,0,0,0,0,0,0,0,0,129,0,0,0,0,0,0,0,0,0,0,0,0,0,0,0,0,1,0,0,0,0,0,0,0,0,0.058823529,0,1,0,0.058823529,0,0.058823529,0,0,0,1,0,17,0,0,0,0,0,0,0,0,0,0,0,0,0,0,0,0,0,0,0,0,0,0,0,0,0,0,0,0,0,0,0,0,0,0,0,0,0,0,11,0,0,0,,1,F,0,1
147,0,0,0,3,0,0,0,0,0.071428571,0,0,0,0,0,0,0,0,0,0,94,0,0,0,0,0,0,0,0,0,0,0,0,0,0,0,0,0,0,0,0,0,0,0,0,0,0.071428571,0,0,0,0.071428571,0,0.071428571,0,0,0,0,0,14,0,0,0,0,0,0,0,0,0,0,0,0,0,0,0,0,0,0,0,0,0,0,0,0,0,0,0,0,0,0,0,0,0,0,0,0,0,0,11,0,0,0,,1,F,0,1
148,0,0,0,3,0,0,0,0,0.076923077,0,0,0,0,0,0,0,0,0,0,94,0,0,0,0,0,0,0,0,0,0,0,0,0,0,1,0,0,0,0,0,0,0,0,0,0,0.461538462,0,0,0,0.076923077,0,0,0,0,0,0,0,13,0,0,0,0,0,0,0,0,0,0,0,0,0,0,0,0,0,0,0,0,0,0,0,0,0,0,0,0,0,0,0,0,0,0,0,0,0,0,8,0,0,0,,1,F,0,0
149,0,0,0,3,0,0,0,0,0.068965517,0,0,0.034482759,0,0,0,0,0,0,0,169,0,0,0,0,0,0,0,0,0,0,0,0,0,0,0,0,0,0,0,0,0,0,0,0,0,0.103448276,0,0,0,0.068965517,0,0.034482759,1,0,0,0,0,29,0,0,0,0,1,0,0,0,0,0,0,0,0,0,0,0,0,0,0,0,0,0,0,0,0,0,0,0,0,0,0,0,0,0,0,0,0,0,11,0,0,0,,1,F,0,0
150,0,0,0,5,0,0,1,0,0.032258065,0,0,0.032258065,0,0,0,0,0,0,0,198,0,0,1,0,0,0,0,0,0,0,0,0,0,0,0,0,1,0,0,0,0,0,0,0,0,0.064516129,0,0,0,0.032258065,0,0.032258065,0,0,0,0,0,31,0,0,0,0,1,0,0,0,0,0,0,0,0,0,0,0,0,0,0,0,0,0,0,0,0,0,0,0,0,0,0,0,0,0,1,0,0,0,17,0,0,0,,1,F,0,0
151,0,0,0,5,1,0,1,0,0.034482759,0,0,0,0,0,0,0,0,0,0,150,0,0,0,0,0,0,0,0,0,0,0,0,0,0,0,0,0,0,0,0,1,1,0,0,0,0.103448276,0,0,0,0.034482759,0,0.068965517,0,0,0,0,0,29,0,0,0,0,0,0,0,0,0,0,0,0,1,0,0,0,0,0,0,0,0,1,0,0,0,0,0,0,0,0,0,0,0,0,0,0,0,0,15,0,0,0,,1,F,0,0
152,0,0,0,3,0,0,0,0,0.074074074,0,0,0,1,0,0,0,0,0,0,173,0,0,0,0,0,0,0,0,0,1,0,0,0,0,0,0,0,1,0,0,0,0,0,1,0,0.111111111,0,0,0,0.037037037,0,0.037037037,0,0,0,0,0,27,0,0,0,0,0,0,0,0,0,0,0,0,0,0,0,0,0,0,0,0,1,0,0,0,0,0,0,0,0,0,0,0,1,0,0,0,0,0,21,0,0,0,,1,F,0,0
153,1,0,0,3,0,0,0,0,0.038461538,0,0,0,0,0,0,0,0,0,0,177,0,0,0,0,0,0,0,0,0,0,0,0,0,0,0,0,1,0,0,0,0,0,0,0,0,0.038461538,0,0,0,0.076923077,0,0.115384615,0,0,1,0,0,26,0,0,0,0,0,0,0,0,0,0,1,0,0,0,1,0,0,0,0,0,0,0,0,0,0,0,0,0,0,0,0,0,0,0,0,0,0,0,15,0,0,0,,1,F,0,0
154,0,0,0,3,0,0,0,0,0.041666667,0,0,0,0,0,0,0,0,0,0,171,0,0,0,0,0,0,0,0,0,0,0,0,0,0,0,0,1,0,0,0,0,0,0,0,0,0.125,0,0,0,0.041666667,0,0.041666667,0,0,0,1,0,24,0,0,0,0,0,0,0,0,0,0,0,0,0,0,0,0,0,0,0,0,0,0,0,0,0,0,0,0,0,0,0,0,0,0,0,0,0,0,11,0,0,0,,1,F,0,0
155,0,0,0,3,0,0,0,0,0.052631579,0,0,0,0,0,0,0,0,0,0,126,1,0,0,0,0,0,0,0,0,0,0,0,0,0,0,0,0,0,0,0,0,0,0,0,0,0.157894737,1,0,0,0.052631579,0,0.052631579,0,0,0,0,0,19,0,0,0,0,0,0,0,0,0,0,0,0,0,0,1,0,0,0,0,0,0,0,0,0,0,0,0,0,0,1,0,0,0,0,0,0,0,0,9,0,0,0,,1,F,0,0
156,0,0,0,4,0,0,0,0,0.048780488,0,0,0,0,0,0,0,0,0,0,241,0,0,0,0,0,0,0,0,0,1,0,0,0,0,0,0,0,0,0,0,0,0,0,1,0,0.048780488,0,0,0,0.024390244,0,0.073170732,0,0,0,0,0,41,0,0,0,0,0,0,0,0,0,0,0,0,0,0,0,0,0,0,0,0,0,0,0,0,0,0,0,0,0,0,0,1,0,0,0,0,0,0,16,0,0,0,,1,F,0,0
157,0,0,0,3,0,0,0,0,0.083333333,0,0,0,0,0,0,0,0,0,0,89,0,0,0,0,0,0,0,0,0,0,0,0,0,0,0,0,1,0,0,0,0,0,0,0,0,0.166666667,0,0,0,0.083333333,0,0.083333333,0,0,0,0,0,12,0,0,0,0,0,0,0,0,0,0,0,0,0,0,0,0,0,0,0,0,0,0,0,0,0,0,0,0,0,0,0,0,0,0,0,0,0,0,8,0,0,0,,1,F,0,0
158,0,0,0,3,0,0,0,0,0.045454545,0,0,0.045454545,0,0,0,0,0,0,0,133,1,0,0,0,0,0,0,0,0,0,0,0,0,0,0,0,0,0,0,0,0,0,0,0,0,0.136363636,1,0,0,0.045454545,0,0,0,0,0,0,0,22,0,0,0,0,1,0,0,0,0,0,0,0,0,0,0,0,0,0,0,0,0,0,0,0,0,0,0,0,0,1,0,0,0,0,0,0,1,0,10,0,0,0,,1,F,0,0
159,0,1,0,3,0,0,0,0,0.05,0,0,0,0,0,0,0,0,0,0,256,0,0,0,0,0,0,0,0,0,0,0,0,0,1,1,0,0,0,0,0,0,0,0,0,0,0.025,0,0,0,0.05,0,0.125,0,0,0,0,0,40,0,0,0,0,0,0,0,0,0,0,0,0,1,0,0,0,0,0,0,0,0,1,0,0,0,0,0,0,0,0,0,1,0,0,0,0,0,0,14,0,0,0,,1,F,0,0
160,0,0,0,3,0,0,0,0,0.086956522,0,0,0,0,0,0,0,0,0,0,130,1,0,0,0,0,0,0,0,0,0,0,0,0,0,0,0,1,0,0,0,0,0,0,0,0,0.130434783,1,0,0,0.086956522,0,0.173913043,0,0,0,0,0,23,0,0,0,0,0,0,0,0,0,0,0,0,0,0,0,0,0,0,0,0,0,0,0,0,0,0,0,0,0,0,0,0,0,0,0,0,0,0,13,0,0,0,,1,F,0,0
161,0,0,0,6,0,0,0,0,0.052631579,0,0,0,0,0,0,0,0,0,0,256,1,0,1,0,0,0,0,0,0,0,0,0,0,1,0,0,1,0,0,0,0,0,0,0,0,0.105263158,1,0,0,0.026315789,0,0.184210526,0,0,0,1,0,38,0,0,0,0,0,0,0,0,0,0,0,0,0,0,0,0,0,0,0,0,0,0,0,0,0,0,0,0,0,0,0,0,0,0,0,0,0,0,12,0,0,0,,1,F,0,0
162,0,0,0,3,0,0,0,0,0.022727273,0,0,0.022727273,0,0,0,0,0,0,0,271,0,0,1,0,0,0,0,0,0,0,0,0,0,0,0,0,1,0,0,0,0,0,0,0,0,0.045454545,0,0,0,0.022727273,0,0.090909091,0,0,0,0,0,44,0,0,0,0,0,0,0,0,0,0,0,0,0,0,0,0,0,0,0,0,0,1,0,0,0,0,0,0,0,1,0,0,0,0,0,0,0,0,14,0,0,0,,1,F,0,1
163,0,0,0,3,0,0,0,0,0.076923077,0,0,0,0,0,0,0,0,0,0,82,0,0,1,0,0,0,0,0,0,0,0,0,0,0,0,0,1,0,0,0,0,0,0,0,0,0.307692308,0,0,0,0.153846154,0,0.230769231,0,0,0,0,0,13,0,0,0,0,0,0,0,0,0,0,0,0,0,0,0,0,0,0,0,0,0,0,0,0,0,0,0,0,0,0,0,0,0,0,0,0,0,0,11,0,0,0,,1,F,0,1
164,0,0,0,3,0,0,0,0,0.058823529,0,0,0.058823529,0,0,0,0,0,0,0,104,0,0,0,0,0,0,0,0,0,0,0,0,0,0,0,0,0,0,0,0,0,0,0,0,0,0.117647059,0,0,0,0.058823529,0,0.058823529,0,0,0,0,1,17,0,0,0,0,0,0,0,0,0,0,0,0,0,0,0,0,0,0,0,0,0,1,0,0,0,0,0,0,0,0,0,0,0,0,0,0,0,0,9,0,0,0,,1,F,0,0
165,0,0,0,3,0,0,0,0,0.043478261,1,0,0.043478261,1,0,0,0,0,0,0,145,0,0,0,0,0,0,0,0,0,1,0,0,0,1,1,0,0,0,0,0,0,0,0,0,0,0.043478261,0,0,0,0.043478261,0,0.043478261,0,0,1,0,0,23,0,0,0,0,0,0,0,0,0,0,0,0,0,0,0,0,0,0,0,0,0,0,0,0,0,0,0,0,0,1,0,0,0,0,0,0,0,0,11,0,0,0,,1,F,0,0
166,0,0,0,3,0,0,0,0,0.076923077,0,0,0,0,0,0,0,0,0,0,91,0,0,0,0,0,0,0,0,0,0,0,0,0,0,0,0,1,0,0,0,0,0,0,0,0,0.307692308,0,0,0,0.076923077,0,0.153846154,0,0,0,1,0,13,0,0,0,0,0,0,0,0,0,0,0,0,0,0,0,0,0,0,0,0,0,0,0,0,0,0,0,0,0,0,0,0,0,0,0,0,0,0,10,0,0,0,,1,F,0,0
167,0,1,0,4,1,0,1,0,0.023809524,0,0,0,0,0,0,0,0,0,0,241,0,0,0,0,0,0,0,0,0,0,0,0,0,0,0,0,0,1,0,0,0,1,1,0,0,0.071428571,0,0,1,0.095238095,0,0.023809524,0,0,0,0,0,42,0,0,0,0,0,0,0,0,0,0,0,0,1,0,0,0,0,0,0,0,0,1,0,0,0,0,0,0,0,0,0,0,0,0,0,0,0,0,16,0,0,0,,1,F,0,0
168,0,0,0,3,0,0,1,0,0.037037037,0,0,0.037037037,0,0,0,0,0,0,0,147,0,0,0,0,0,0,0,0,0,1,0,0,0,0,0,0,0,0,0,0,0,0,0,1,0,0.074074074,0,0,0,0.074074074,0,0.037037037,0,0,0,0,0,27,0,0,0,0,1,0,0,0,0,0,0,0,0,0,0,0,0,0,0,0,0,0,0,0,0,0,0,0,0,0,0,0,0,0,0,0,0,0,15,0,0,0,,1,F,0,0
169,0,0,0,3,0,0,1,0,0.024390244,0,0,0.024390244,0,0,0,0,0,0,0,256,0,0,0,0,0,0,0,0,0,1,0,0,0,0,0,0,0,0,0,0,0,0,0,1,0,0.146341463,0,0,0,0.048780488,0,0.146341463,0,0,0,0,0,41,0,0,0,0,1,0,0,0,0,0,0,0,0,0,0,0,0,0,0,0,0,0,0,0,0,0,0,0,0,0,0,0,0,0,0,0,0,0,15,0,0,0,,1,F,0,0
170,0,0,0,3,0,0,0,0,0.05,0,0,0.05,0,0,0,0,0,0,0,125,0,0,1,0,0,0,0,0,1,0,0,0,0,0,0,0,1,0,0,0,0,0,0,0,0,0.05,0,0,0,0.1,0,0.05,0,0,0,0,1,20,0,0,0,0,0,0,0,0,0,0,0,0,0,0,0,0,0,0,0,0,0,1,0,0,0,0,0,0,0,0,0,0,0,0,0,0,0,0,12,0,0,0,,1,F,0,0
171,0,0,0,3,0,0,0,0,0.0625,0,0,0.0625,0,0,0,0,0,0,0,106,0,0,0,0,0,0,0,0,0,0,0,0,0,0,0,0,0,0,0,0,0,0,0,0,0,0.125,0,0,1,0.0625,0,0,0,0,0,0,0,16,0,0,0,0,1,0,0,0,0,0,0,0,0,0,0,0,0,0,0,0,0,0,0,0,0,0,0,0,0,0,0,0,0,0,0,0,0,0,10,0,0,0,,1,F,0,0
172,0,0,0,3,0,0,0,0,0.052631579,0,0,0,0,0,0,0,0,0,0,134,1,0,1,0,0,0,0,0,0,0,0,0,0,1,0,0,1,0,0,0,0,0,0,0,0,0.157894737,1,0,0,0.105263158,0,0.157894737,0,0,0,0,0,19,0,0,0,0,0,0,0,0,0,0,0,0,0,0,0,0,0,0,0,0,0,1,0,0,0,0,0,0,0,0,0,0,0,0,0,0,0,0,12,0,0,0,,1,F,0,0
173,0,0,0,3,0,0,0,0,0.057142857,0,0,0,0,0,0,0,0,0,0,219,1,0,0,0,0,0,0,0,0,0,0,0,0,0,0,0,0,0,0,0,0,0,0,0,0,0.085714286,1,1,0,0.057142857,1,0.142857143,0,0,0,0,0,35,0,0,0,0,0,0,0,0,0,0,0,0,0,0,0,0,0,0,0,0,0,0,0,0,0,0,0,0,0,0,0,1,0,0,0,0,0,0,11,0,0,0,,1,F,0,0
174,0,0,0,5,1,0,0,0,0.088235294,0,0,0.029411765,0,0,0,0,0,0,0,219,0,0,0,0,0,0,0,0,0,0,0,0,0,1,0,0,0,0,0,0,0,0,0,0,0,0.029411765,0,0,0,0.029411765,0,0.147058824,0,0,0,0,0,34,0,0,0,0,0,0,0,0,0,0,0,0,0,0,0,0,0,0,0,0,0,0,0,0,0,0,0,0,0,0,0,1,0,0,0,0,0,0,13,0,0,0,,1,F,0,0
175,0,0,0,3,0,0,0,0,0.090909091,0,0,0.090909091,0,0,0,0,0,0,0,73,0,0,0,0,0,0,0,0,0,0,0,0,0,0,0,0,0,0,0,0,0,0,0,0,0,0.363636364,0,0,0,0.090909091,0,0,0,0,0,0,0,11,0,0,0,0,0,0,0,0,0,0,0,0,0,0,0,0,0,0,0,0,0,0,0,0,0,0,0,0,0,0,0,0,0,0,0,0,0,0,7,0,0,0,,1,F,0,0
176,0,0,0,3,0,0,0,0,0.037037037,0,0,0,0,0,0,0,0,0,0,158,0,0,1,0,0,0,0,0,0,0,0,0,0,0,0,0,1,0,0,0,0,0,0,0,0,0.074074074,0,0,0,0.037037037,0,0.074074074,0,0,0,0,0,27,0,0,0,0,0,0,0,0,0,0,0,0,0,0,0,0,0,0,0,0,0,1,0,0,0,0,0,0,0,1,0,0,0,0,0,0,0,0,12,0,0,0,,1,F,0,0
177,0,0,0,3,0,0,0,0,0.071428571,0,0,0.071428571,0,0,0,0,0,0,0,82,0,0,1,0,0,0,0,0,0,0,0,0,0,0,0,0,1,0,0,0,0,0,0,0,0,0.071428571,0,0,0,0.142857143,0,0.071428571,0,0,0,0,0,14,0,0,0,0,0,0,0,0,0,0,0,0,0,0,0,0,0,0,0,0,0,1,0,0,0,0,0,0,0,0,0,0,0,0,0,0,0,0,10,0,0,1,,1,F,0,0
178,0,0,0,3,0,0,0,0,0.024390244,0,0,0.048780488,0,0,0,0,0,0,0,236,0,0,0,0,0,0,0,0,0,0,0,0,0,0,0,0,0,0,0,0,0,0,0,0,0,0.073170732,0,1,0,0.048780488,0,0.024390244,0,0,0,0,0,41,0,0,0,0,0,0,0,0,0,0,0,0,0,0,0,0,0,0,0,0,0,0,0,0,0,0,0,0,0,0,0,1,0,0,1,0,0,0,14,0,0,0,,1,F,0,0
179,0,0,0,3,0,0,0,0,0.055555556,0,0,0.055555556,0,0,0,0,0,0,0,121,1,0,0,0,0,0,0,0,1,0,0,0,0,0,1,0,0,0,0,0,0,0,0,0,0,0.055555556,0,0,0,0.055555556,0,0.111111111,0,0,0,0,1,18,0,0,0,0,0,0,0,0,0,0,0,0,0,0,1,0,0,0,0,0,0,1,0,0,0,0,0,0,0,0,0,0,0,0,0,0,0,0,6,0,0,0,,1,F,0,0
180,0,0,0,6,0,0,0,0,0.021276596,0,0,0.042553191,0,0,0,0,0,0,0,297,1,0,0,0,0,0,0,0,0,0,1,0,0,0,1,0,0,0,0,0,0,0,0,0,0,0.021276596,1,0,0,0.021276596,0,0.127659574,0,0,0,0,0,47,0,0,0,0,0,0,0,0,0,0,0,0,0,0,0,0,0,0,0,0,1,0,0,0,0,0,0,0,0,0,0,1,0,0,0,0,1,0,14,0,0,0,,1,F,0,0
181,0,0,0,3,0,0,0,0,0.04,0,0,0.04,0,0,0,0,0,0,0,155,1,0,0,0,0,0,0,0,0,0,0,0,0,0,1,0,0,0,0,0,0,0,0,0,0,0.08,1,0,0,0.04,0,0.12,0,0,0,0,0,25,0,0,0,0,0,0,0,0,0,0,0,0,0,0,0,0,0,0,0,0,0,0,0,0,0,0,0,0,0,0,0,1,0,0,0,0,1,0,9,0,0,0,,1,F,0,0
182,0,0,0,3,0,0,0,0,0.045454545,0,0,0,0,0,0,0,0,0,0,141,0,0,0,0,0,0,0,0,0,0,0,0,0,0,0,0,0,0,0,0,0,0,0,0,0,0.363636364,0,0,1,0.045454545,0,0,0,0,0,0,0,22,0,0,0,1,0,0,0,0,0,0,0,0,0,0,0,0,0,0,0,0,0,0,0,0,0,0,0,0,0,0,0,1,0,0,0,0,0,0,11,0,0,0,,1,F,0,0
183,0,0,0,5,0,0,0,0,0.03030303,0,0,0.060606061,0,0,0,0,0,0,0,192,0,0,0,0,0,0,0,0,0,0,0,0,0,0,0,0,1,0,0,0,0,0,0,0,0,0.060606061,0,0,0,0.060606061,0,0.03030303,0,0,1,0,0,33,0,1,0,0,1,0,0,0,0,0,1,0,1,0,0,0,1,0,0,0,0,1,0,0,1,0,0,0,0,1,0,0,0,0,0,0,0,0,15,0,1,0,,1,F,0,0
184,0,0,0,3,0,0,1,0,0.01754386,0,0,0.00877193,0,1,0,0,0,0,0,688,1,0,0,0,0,0,0,0,0,0,0,0,0,0,0,0,1,0,0,0,0,0,0,0,0,0.087719298,1,0,0,0.052631579,0,0.00877193,0,0,0,1,0,114,0,0,0,0,0,0,0,0,0,0,0,0,0,0,1,0,0,0,0,0,0,1,0,0,0,0,0,0,0,0,0,0,0,0,0,0,0,0,25,0,1,0,,1,F,0,0
185,0,0,0,4,0,0,0,0,0.045454545,0,0,0,0,0,0,0,0,0,0,287,1,0,0,0,0,0,0,0,0,0,0,0,0,1,0,0,0,0,0,0,0,0,0,0,0,0.022727273,1,0,0,0.068181818,0,0.090909091,0,0,0,0,0,44,0,0,0,0,0,0,0,0,0,0,0,0,0,0,0,0,0,0,0,0,0,0,0,0,0,0,0,0,0,1,0,1,0,0,0,0,0,0,15,0,0,0,,1,F,0,0
186,0,0,0,5,0,0,0,0,0.055555556,0,0,0,0,0,0,0,0,0,0,121,0,0,0,0,0,0,0,0,0,0,0,0,0,0,0,0,1,0,0,0,0,0,0,0,0,0.055555556,0,0,0,0.055555556,0,0.111111111,0,0,0,1,0,18,0,0,0,0,0,0,0,0,0,0,0,0,0,0,0,0,0,0,0,0,0,0,0,0,0,0,0,0,0,0,0,0,0,0,0,0,0,0,8,0,0,0,,1,F,0,0
187,0,1,0,3,0,0,0,0,0.033333333,0,0,0,0,0,0,0,1,0,0,197,1,0,0,0,0,0,0,0,1,1,0,0,0,1,0,0,0,0,0,0,0,0,0,1,0,0.066666667,1,0,0,0.066666667,0,0.066666667,0,0,1,0,0,30,0,0,0,0,0,0,0,0,0,0,1,0,0,0,0,0,0,0,0,0,0,1,0,0,0,0,0,0,0,0,0,0,0,0,0,0,0,0,12,0,0,0,,1,F,0,0
188,1,0,0,3,0,0,0,0,0.027027027,0,0,0,0,0,0,0,0,0,0,248,0,0,0,0,0,0,0,0,0,0,0,0,0,1,0,0,1,0,0,0,0,0,0,0,0,0.081081081,0,0,0,0.027027027,0,0.081081081,0,0,0,0,0,37,0,0,0,0,0,0,0,0,0,0,0,0,0,0,0,0,0,0,0,0,0,0,0,0,0,0,0,0,0,0,0,0,0,0,0,0,0,0,21,0,0,0,,1,F,0,0
189,0,0,0,3,0,0,0,0,0.052631579,0,0,0.105263158,0,0,0,0,0,0,0,152,0,0,0,0,0,0,0,0,0,0,0,0,0,0,0,0,0,0,0,0,0,0,0,0,0,0.157894737,0,0,0,0.105263158,0,0.052631579,0,0,0,0,1,19,0,0,0,0,0,0,0,0,0,0,0,0,0,0,0,0,0,0,0,0,0,1,0,0,0,0,0,0,0,0,0,0,0,0,0,0,0,0,15,0,0,0,,1,F,0,0
190,0,0,0,3,0,0,0,0,0.03125,0,0,0.0625,0,0,0,0,0,0,0,209,0,0,0,0,0,0,0,0,0,0,0,0,0,0,0,0,0,0,0,0,0,0,0,0,0,0.125,0,0,0,0.03125,0,0.09375,0,0,0,0,1,32,0,0,0,0,0,0,0,0,0,0,0,0,0,0,0,0,0,0,0,0,0,0,0,0,0,0,0,0,0,0,0,1,0,0,0,0,0,0,12,0,0,1,,1,F,0,0
191,0,0,0,3,0,0,0,0,0.071428571,0,0,0.071428571,0,0,0,0,0,0,0,101,1,0,0,0,0,0,0,0,0,0,0,0,0,0,0,0,1,0,0,0,0,0,0,0,0,0.142857143,1,0,0,0.071428571,0,0.071428571,0,0,0,1,0,14,0,0,0,0,0,0,0,0,0,0,0,0,0,0,0,0,0,0,0,0,0,0,0,0,0,0,0,0,0,0,0,0,0,0,0,0,0,0,8,0,0,0,,1,F,0,0
192,0,0,0,3,0,0,0,0,0.047619048,0,0,0,0,0,0,0,0,0,0,136,0,0,0,0,0,0,0,0,0,0,0,0,0,0,0,0,1,0,0,0,0,0,0,0,0,0.142857143,0,1,0,0.047619048,0,0.142857143,0,0,0,0,0,21,0,0,0,0,0,0,0,0,0,0,0,0,0,0,0,0,0,0,0,0,1,0,0,0,0,0,0,0,0,0,0,0,0,0,0,0,0,0,9,0,0,0,,1,F,0,0
193,0,0,0,3,0,0,0,0,0.055555556,0,0,0,0,0,0,0,0,0,0,123,0,0,0,0,0,0,0,0,0,0,0,0,0,0,0,0,1,0,0,0,0,0,0,0,0,0.055555556,0,0,0,0.055555556,0,0.111111111,0,0,1,1,0,18,0,0,0,0,0,0,0,0,0,0,1,0,0,0,0,0,0,0,0,0,0,1,0,0,0,0,0,0,0,0,0,0,0,0,0,0,0,0,12,0,0,0,,1,F,0,0
194,0,1,0,3,0,0,0,0,0.030769231,0,0,0,0,0,0,0,0,0,0,429,0,0,0,0,0,0,0,0,1,0,1,0,0,0,0,0,0,0,0,0,0,0,0,0,0,0.107692308,0,0,0,0.015384615,0,0.107692308,0,0,0,0,0,65,0,0,0,0,0,0,0,0,0,0,0,0,1,0,0,0,0,0,0,0,0,1,0,0,0,0,0,0,0,0,0,0,0,0,0,0,0,0,19,0,0,0,,1,F,0,0
195,0,0,0,3,0,0,0,0,0.111111111,0,0,0,0,0,0,0,0,0,0,59,1,0,0,0,0,0,0,0,0,0,0,0,0,0,0,0,0,0,0,0,0,0,0,0,0,0.111111111,1,0,0,0.222222222,0,0,0,0,0,0,0,9,0,0,0,0,0,0,0,0,0,0,0,0,0,0,0,0,0,0,0,0,0,0,0,0,0,0,0,0,0,0,0,0,0,0,0,0,0,0,6,0,0,0,,1,F,0,0
196,0,0,0,3,1,0,0,0,0.066666667,0,0,0,0,0,0,0,0,0,0,93,0,0,0,0,0,0,0,0,0,0,0,0,0,0,0,0,0,0,0,0,0,0,0,0,0,0.066666667,0,0,0,0.066666667,0,0.066666667,0,0,0,0,0,15,0,0,0,0,0,0,0,0,0,0,0,0,0,0,0,0,0,0,0,0,0,0,0,0,0,0,0,0,0,0,0,1,0,0,0,0,0,0,8,0,0,0,,1,F,0,0
197,0,0,0,3,0,0,0,0,0.022222222,0,0,0.044444444,0,0,0,0,0,0,0,289,0,0,0,0,0,0,0,0,0,0,0,0,0,1,1,0,0,0,0,0,0,0,0,0,0,0.288888889,0,0,0,0.022222222,0,0.044444444,0,0,1,0,0,45,0,0,0,0,0,0,0,0,0,0,0,0,0,0,0,0,0,0,0,0,0,0,0,0,0,0,0,0,0,0,0,0,0,0,0,0,0,0,12,0,0,1,,1,F,0,0
198,0,0,0,3,0,0,0,0,0.035714286,0,0,0.035714286,0,0,0,0,0,0,0,176,0,0,1,0,0,0,0,0,0,0,0,0,0,0,0,0,0,0,0,0,0,0,0,0,0,0.035714286,0,0,0,0.035714286,0,0.035714286,0,0,0,0,1,28,0,0,0,1,0,0,0,0,0,0,0,0,1,0,0,0,0,0,0,0,0,1,0,0,0,0,0,0,0,0,0,0,0,0,0,0,0,0,14,0,1,0,,1,F,0,0
199,0,0,0,5,0,0,0,0,0.033333333,0,0,0,1,1,0,0,0,0,0,197,1,0,1,0,0,0,0,0,0,1,0,0,0,0,0,0,1,0,0,0,0,0,0,1,0,0.1,1,0,0,0.066666667,0,0.166666667,0,0,0,0,0,30,0,0,0,0,0,0,0,0,0,0,0,0,0,0,0,0,0,0,0,0,0,0,0,0,0,0,0,0,0,0,0,0,0,0,0,0,0,0,18,0,1,0,,1,F,0,0
200,0,1,0,4,0,0,0,0,0.051282051,1,0,0,0,0,0,0,0,0,0,215,1,0,0,0,0,0,0,0,0,0,0,0,0,0,1,0,0,0,0,0,0,0,0,0,0,0.076923077,1,0,0,0.025641026,0,0.025641026,0,0,0,0,0,39,0,0,0,0,0,0,0,0,0,0,0,0,1,0,0,0,0,0,0,0,0,1,0,0,0,0,0,0,0,0,0,0,0,0,0,0,0,0,10,0,0,0,,1,F,0,1
201,0,0,0,3,0,0,0,0,0.029411765,0,0,0,0,0,0,0,0,0,0,222,1,0,0,0,0,0,0,0,0,0,0,0,0,0,0,0,0,0,0,0,0,0,0,0,0,0.029411765,1,0,0,0.029411765,0,0.058823529,0,0,0,0,0,34,0,0,0,1,0,0,0,0,0,0,0,0,0,0,0,0,0,0,0,0,0,0,0,0,0,0,0,0,0,0,0,1,0,0,1,0,0,0,20,0,0,0,,1,F,0,0
202,0,0,0,3,0,0,0,0,0.047619048,0,0,0.047619048,0,0,0,0,0,0,0,133,0,0,0,0,0,0,0,0,0,0,0,0,0,0,0,0,0,0,0,0,0,0,0,0,0,0.285714286,0,0,0,0.047619048,0,0.047619048,0,0,0,0,0,21,0,0,0,0,0,0,0,0,0,0,0,0,0,0,0,0,0,0,0,0,0,0,0,0,0,0,0,0,0,0,0,0,0,0,0,0,0,0,15,0,0,0,,1,F,0,0
203,0,0,0,5,0,0,0,0,0.05,0,0,0.05,0,1,0,0,0,0,0,132,1,0,0,0,0,0,0,0,0,0,0,0,0,0,0,0,1,0,0,0,0,0,0,0,0,0.1,0,0,0,0.05,0,0.1,0,0,0,1,1,20,0,0,0,0,0,0,0,0,0,0,0,0,0,0,0,0,0,0,0,0,0,0,0,0,0,0,0,0,0,0,0,0,0,0,0,0,0,0,8,0,1,0,,1,F,0,0
204,0,0,0,5,0,0,0,0,0.045454545,0,0,0,0,0,0,0,0,0,0,140,0,0,0,0,0,0,0,0,1,0,0,0,0,1,0,0,0,0,0,0,0,0,0,0,0,0.227272727,0,0,0,0.045454545,0,0.136363636,0,0,0,0,0,22,0,0,0,0,0,0,0,0,0,0,0,0,0,0,0,0,0,0,0,0,0,1,0,0,0,0,0,0,0,0,0,0,0,0,0,0,0,0,14,0,0,0,,1,F,0,0
205,0,0,0,5,1,0,0,0,0.045454545,0,0,0.045454545,0,0,0,0,0,0,0,122,0,0,0,0,0,0,0,0,0,0,1,0,0,0,0,0,0,0,0,0,1,0,0,0,0,0.318181818,0,1,0,0.045454545,0,0.045454545,0,0,1,0,1,22,0,0,0,0,0,0,0,0,0,0,0,0,0,0,0,0,0,0,0,0,0,0,0,0,0,0,0,0,0,1,0,0,0,0,0,0,0,0,10,0,0,0,,1,F,0,0
206,0,0,0,3,0,0,0,0,0.043478261,0,0,0,0,0,0,0,0,0,0,163,1,0,0,0,0,0,0,0,0,0,0,0,0,0,0,0,0,0,0,0,0,0,0,0,0,0.086956522,1,0,0,0.043478261,0,0.086956522,0,0,0,0,0,23,0,0,0,0,0,0,0,0,0,0,0,0,0,0,0,0,0,0,0,0,0,0,0,0,0,0,0,0,0,0,0,1,0,0,0,0,0,0,15,0,0,0,,1,F,0,0
207,0,0,0,3,0,0,0,0,0.028571429,0,0,0,0,1,0,0,0,0,0,247,1,0,0,0,0,0,0,0,0,1,0,0,0,0,0,0,0,0,0,0,0,0,0,1,0,0.142857143,1,0,0,0.028571429,0,0.057142857,0,0,1,0,0,35,0,0,0,0,0,0,0,0,0,0,1,0,0,0,0,0,0,0,0,0,0,0,0,0,0,0,0,0,0,0,0,1,0,0,0,0,0,0,14,0,0,0,,1,F,0,0
208,0,0,0,3,0,0,0,0,0.047619048,0,0,0.047619048,0,0,0,0,0,0,0,139,1,0,0,0,0,0,0,0,0,0,0,0,0,0,0,0,1,0,0,0,0,0,0,0,0,0.095238095,1,0,0,0.047619048,0,0.19047619,0,0,0,1,0,21,0,0,0,0,0,0,0,0,0,0,0,0,0,0,0,0,0,0,0,0,0,0,0,0,0,0,0,0,0,0,0,0,0,0,0,0,0,0,12,0,0,0,,1,F,0,0
209,0,0,0,2,0,0,0,0,0.055555556,0,0,0,0,0,1,0,0,0,0,112,1,0,0,0,0,0,0,0,0,0,0,0,0,0,0,0,0,0,0,0,0,0,0,0,0,0.222222222,1,0,0,0.111111111,0,0.111111111,0,0,0,0,0,18,0,0,0,0,0,0,0,0,0,0,0,0,0,0,0,0,0,0,0,0,0,0,0,0,0,0,0,0,0,0,0,1,0,0,0,0,0,0,12,0,0,0,,1,F,0,0
210,0,0,0,3,0,0,0,0,0.055555556,0,0,0,0,0,0,0,0,0,0,125,0,0,0,0,0,0,0,0,1,0,0,0,0,0,0,0,0,0,0,0,0,0,0,0,0,0.055555556,0,0,0,0.055555556,0,0.166666667,0,0,0,0,0,18,0,0,0,0,0,0,0,0,0,0,0,0,0,0,0,0,0,0,0,0,0,1,0,0,0,0,0,0,0,0,0,0,0,0,0,0,0,0,15,0,0,0,,1,F,0,1
211,0,0,0,3,0,0,0,0,0.038461538,0,0,0,0,0,0,0,0,0,0,169,0,0,1,0,0,0,0,0,0,1,0,0,0,0,1,0,1,0,0,0,0,0,0,0,0,0.038461538,0,0,0,0.076923077,0,0.076923077,0,0,0,0,0,26,0,0,0,1,0,0,0,0,0,0,0,0,0,0,0,0,0,0,0,0,0,0,0,0,0,0,0,0,0,0,0,0,0,0,0,1,0,0,14,0,0,0,,1,F,0,1
212,0,0,0,3,0,0,0,0,0.052631579,0,0,0,0,0,0,0,0,0,0,115,0,0,0,0,0,0,0,0,0,0,0,0,0,1,0,0,0,0,0,0,0,0,0,0,0,0.052631579,0,0,0,0.052631579,0,0.105263158,0,0,1,0,0,19,0,0,0,0,0,0,0,0,0,0,0,0,0,0,0,0,0,0,0,0,0,0,0,0,0,0,0,0,0,0,0,1,0,0,0,0,0,0,7,0,0,0,,1,F,0,0
213,0,0,0,3,0,0,0,0,0.041666667,0,0,0,0,0,0,0,0,0,0,151,0,0,1,0,0,0,0,0,1,0,0,0,0,0,0,0,1,0,0,0,0,0,0,0,0,0.041666667,0,0,0,0.041666667,0,0.208333333,0,0,0,0,0,24,0,0,0,0,0,0,0,0,0,0,0,0,0,0,0,0,0,0,0,0,0,1,0,0,0,0,0,0,0,0,0,0,0,0,0,0,0,0,15,0,0,0,,1,F,0,0
214,0,0,0,3,0,0,0,0,0.058823529,0,0,0,1,0,0,0,0,0,0,99,0,0,0,0,0,0,0,0,0,1,0,0,0,0,1,0,0,0,0,0,0,0,0,0,0,0.058823529,0,0,0,0.058823529,0,0,0,0,0,0,0,17,0,0,0,0,0,0,0,0,0,0,0,0,0,0,0,0,0,0,0,0,0,0,0,0,0,0,0,0,0,0,0,0,0,0,0,0,0,0,13,0,0,0,,1,F,0,0
215,0,0,0,3,0,0,0,0,0.071428571,0,0,0.071428571,0,0,0,0,0,0,0,90,0,0,0,0,0,0,0,0,0,0,0,0,0,0,0,0,0,0,0,0,0,0,0,0,0,0.071428571,0,0,0,0.142857143,0,0,0,0,0,0,1,14,0,0,0,0,0,0,0,0,0,0,0,0,0,0,0,0,0,0,0,0,0,0,0,0,0,0,0,0,0,0,0,0,0,0,0,0,0,0,8,0,0,0,,1,F,0,0
216,0,0,0,3,0,0,0,0,0.066666667,0,0,0.066666667,0,0,0,0,0,0,0,101,0,0,0,0,0,0,0,0,0,0,0,0,0,0,0,0,1,0,0,0,0,0,0,0,0,0.2,0,0,0,0.066666667,0,0.133333333,0,0,0,0,0,15,0,0,0,0,0,0,0,0,0,0,0,0,0,0,0,0,0,0,0,0,0,0,0,0,0,0,0,0,0,0,0,0,0,0,0,0,0,0,12,0,0,0,,1,F,0,0
217,0,0,0,3,0,0,0,0,0.029411765,0,0,0,0,0,0,0,0,0,0,212,0,0,0,0,0,0,0,0,0,0,0,0,0,0,0,0,1,0,0,0,0,0,0,0,0,0.029411765,0,0,0,0.058823529,0,0.117647059,0,0,0,0,0,34,0,0,0,0,0,0,0,0,0,0,0,0,0,0,0,0,0,0,0,0,0,0,0,0,0,0,0,0,0,0,0,1,0,0,1,0,0,0,20,0,0,0,,1,F,0,0
218,0,0,0,3,0,0,0,0,0.05,0,0,0,0,0,0,0,0,0,0,145,0,0,0,0,0,0,0,0,0,0,0,0,0,0,0,0,0,0,0,0,0,0,0,0,0,0.05,0,0,0,0.05,0,0.05,0,0,0,0,0,20,0,0,0,0,0,0,0,0,0,0,0,0,0,0,0,0,0,0,0,0,0,0,0,0,0,0,0,0,0,0,0,0,0,0,0,0,0,0,15,0,0,0,,1,F,0,0
219,0,0,0,5,0,0,0,0,0.052631579,0,0,0,0,0,0,0,0,0,0,125,0,0,0,0,0,0,0,0,0,0,0,0,0,0,1,0,1,0,0,0,0,0,0,0,0,0.052631579,0,0,0,0.052631579,0,0.105263158,0,0,0,1,0,19,0,0,0,0,0,0,0,0,0,0,0,0,0,0,0,0,0,0,0,0,0,0,0,0,0,0,0,0,0,0,0,0,0,0,0,0,0,0,10,0,0,0,,1,F,0,0
220,0,1,0,3,0,0,0,0,0.052631579,0,0,0,0,0,0,0,0,0,0,281,1,0,1,0,0,0,0,0,0,1,0,0,0,0,0,0,1,0,0,0,0,0,0,0,0,0.105263158,1,0,0,0.052631579,0,0.078947368,0,0,0,0,0,38,0,0,0,0,0,0,0,0,0,0,0,0,1,0,0,0,0,0,0,0,0,1,0,0,0,0,0,0,0,0,0,0,0,0,0,0,0,0,13,0,0,0,,1,F,0,1
221,0,0,0,3,0,0,0,0,0.032258065,0,0,0.032258065,0,0,0,0,0,0,0,196,1,0,0,0,0,0,0,0,0,0,0,0,0,0,0,0,0,0,0,0,0,0,0,0,0,0.064516129,0,0,0,0.032258065,0,0.129032258,0,0,0,0,1,31,0,0,0,0,0,0,0,0,0,0,0,0,1,0,0,0,0,0,0,0,0,1,0,0,0,0,0,0,0,0,0,0,0,0,0,0,1,0,9,0,0,0,,1,F,0,0
222,0,0,0,3,0,0,0,0,0.04,0,0,0,0,0,0,0,0,0,0,161,0,0,0,0,0,0,0,0,0,1,0,0,0,0,0,0,0,0,0,0,0,0,0,0,0,0.04,0,0,0,0.04,0,0.08,0,0,0,0,0,25,0,0,0,0,0,0,0,0,0,0,0,0,0,0,0,0,0,0,0,0,1,1,0,0,0,0,0,0,0,0,0,0,1,0,0,0,0,0,14,0,0,0,,1,F,0,0
223,0,0,0,3,0,0,0,0,0.083333333,0,0,0,0,0,0,0,0,0,0,75,0,0,0,0,0,0,0,0,0,0,0,0,0,0,0,0,0,0,0,0,0,0,0,0,0,0.25,0,0,0,0.083333333,0,0.083333333,0,0,0,0,0,12,0,0,0,0,0,0,0,0,0,0,0,0,0,0,0,0,0,0,0,0,0,0,0,0,0,0,0,0,0,0,0,1,0,0,0,0,0,0,8,0,0,0,,1,F,0,0
224,0,0,0,3,0,0,0,0,0.083333333,0,0,0.166666667,0,0,0,0,1,0,0,70,0,0,0,0,0,0,0,0,0,0,0,0,0,0,0,0,1,0,0,0,0,0,0,0,0,0.083333333,0,0,0,0.083333333,0,0.166666667,0,0,1,0,1,12,0,0,0,0,0,0,0,0,0,0,0,0,0,0,0,0,0,0,0,0,0,0,0,0,0,0,0,0,0,0,0,0,0,0,0,0,0,0,7,0,0,0,,1,F,0,0
225,0,0,0,3,0,0,0,0,0.03125,0,0,0.03125,0,0,0,0,0,0,0,217,1,0,0,0,0,0,0,0,0,0,0,0,0,0,0,0,1,0,0,0,0,0,0,0,0,0.03125,1,0,0,0.0625,0,0.15625,0,0,0,1,0,32,0,0,0,0,0,0,0,0,0,0,0,0,0,0,0,0,0,0,0,0,0,0,0,0,0,0,0,0,0,0,0,1,0,0,0,0,0,0,9,0,0,0,,1,F,0,0
226,0,0,1,3,1,0,0,0,0.032258065,0,0,0.032258065,0,0,0,0,0,0,0,199,1,0,1,0,0,0,0,0,0,0,0,0,0,0,0,0,1,0,0,0,0,0,1,0,0,0.032258065,1,0,0,0.032258065,0,0.064516129,0,0,0,0,0,31,0,0,0,0,1,0,0,0,1,0,0,0,0,0,0,0,0,0,0,0,0,0,0,0,0,0,0,0,0,0,0,0,0,0,1,0,0,0,16,0,0,0,,1,F,0,0
227,0,0,0,4,0,0,0,0,0.0625,0,0,0.020833333,0,0,0,0,0,0,0,279,0,0,0,0,1,0,0,0,1,0,0,0,0,0,0,0,0,0,0,0,0,0,0,0,0,0.020833333,0,0,0,0.041666667,0,0.083333333,0,0,0,0,0,48,0,0,0,0,0,0,0,0,0,0,0,0,0,0,0,0,0,0,0,0,0,1,0,0,0,0,0,0,0,0,0,1,0,0,0,0,0,0,21,0,0,0,,1,F,0,0
228,0,0,0,3,0,0,0,0,0.041666667,0,0,0,0,0,0,0,0,0,0,145,0,0,0,0,0,0,0,0,0,0,0,0,0,0,0,0,0,0,0,0,0,0,0,0,0,0.041666667,0,0,0,0.041666667,0,0.125,0,0,0,0,0,24,0,0,0,1,0,0,0,0,0,0,0,0,0,0,0,0,0,0,0,0,0,0,0,0,0,0,0,0,0,0,0,1,0,0,0,0,0,0,13,0,1,0,,1,F,0,0
229,0,0,0,3,0,0,0,0,0.055555556,0,0,0.055555556,0,0,0,0,0,0,0,112,0,0,0,0,0,0,0,0,0,0,0,0,0,0,0,0,0,0,0,0,0,0,0,0,0,0.166666667,0,0,0,0.055555556,0,0.055555556,0,0,0,0,0,18,0,0,0,0,0,0,0,0,0,0,0,0,0,0,0,0,0,0,0,0,0,1,0,0,0,0,0,0,0,0,0,0,0,0,0,0,0,0,14,0,0,0,,1,F,0,0
230,0,0,0,5,0,0,0,0,0.035714286,0,0,0,0,0,0,0,0,0,0,183,0,0,1,0,0,0,0,0,0,0,0,0,0,0,0,0,1,0,0,0,0,0,0,0,0,0.25,0,0,0,0.035714286,0,0.107142857,0,0,0,0,0,28,0,0,0,0,0,0,0,0,0,0,0,0,1,0,0,0,0,0,0,0,0,1,0,0,0,0,0,0,0,0,0,0,0,0,0,0,0,0,15,0,1,0,,1,F,0,0
231,0,0,0,3,0,0,0,0,0.033333333,0,0,0.033333333,0,0,0,0,0,0,0,197,0,0,0,0,0,0,0,0,0,0,0,0,0,0,1,0,0,0,0,0,0,0,0,0,0,0.066666667,0,0,0,0.066666667,0,0,0,0,0,0,0,30,0,0,0,0,0,0,0,0,0,0,0,0,0,0,0,0,0,0,0,0,0,0,0,0,0,0,0,0,0,0,0,1,0,0,0,0,0,0,13,0,0,0,,1,F,0,0
232,0,0,0,5,0,0,0,0,0.05,0,0,0,0,0,0,0,0,0,0,134,0,0,0,0,0,0,0,0,0,0,0,0,0,0,1,0,0,0,0,0,0,0,0,0,0,0.45,0,0,0,0.05,0,0,0,0,0,0,0,20,0,0,0,0,0,0,0,0,0,0,0,0,0,0,0,0,0,0,0,0,0,0,0,0,0,0,0,0,0,0,0,0,0,0,0,0,0,0,9,0,0,0,,1,F,0,0
233,0,0,0,5,0,0,0,0,0.076923077,0,0,0,0,0,0,0,0,0,0,93,0,0,0,0,0,0,0,0,0,0,0,0,0,0,1,0,0,0,0,0,0,0,0,0,0,0.307692308,0,0,0,0.076923077,0,0.076923077,0,0,0,0,0,13,0,0,0,0,0,0,0,0,0,0,0,0,0,0,0,0,0,0,0,0,0,0,0,0,0,0,0,0,0,0,0,0,0,0,0,0,0,0,7,0,0,0,,1,F,0,0
234,0,1,0,3,0,0,0,0,0.033333333,0,0,0,0,1,0,0,0,0,0,185,0,0,0,0,0,0,0,0,0,0,0,0,0,0,0,0,0,0,0,0,0,0,0,0,0,0.033333333,0,0,0,0.033333333,0,0.033333333,0,0,0,0,0,30,0,0,0,0,0,0,0,0,0,0,0,0,1,0,0,0,0,0,0,0,0,1,0,0,0,0,0,0,0,0,0,0,0,0,0,0,0,0,12,0,0,0,,1,F,0,0
235,0,0,0,3,0,0,0,0,0.05,0,0,0,0,0,0,0,0,0,0,133,0,0,0,0,0,0,0,0,0,0,0,0,0,0,1,0,0,0,0,0,0,0,0,0,0,0.4,0,0,0,0.1,0,0.05,0,0,0,0,0,20,0,0,0,1,0,0,0,0,0,0,0,0,0,0,0,0,0,0,0,0,0,0,0,0,0,0,0,0,0,0,0,1,0,0,0,0,0,0,13,0,0,0,,1,F,0,0
